path	sha256	bytes
.gitattributes	aff9ca08d95cee6ff5dcb028c54c40382da7f2a3ba18ed7006c088efe880ad13	102
PUBLIC-COPY-IDENTITIES.tsv	f1832ca38bf6e02b435e2b296435c828f4ac80e2c3306f75a750a7e935920e68	7049
README.md	6655ff1927e9f6392753c3397d86ee123ec2da9668e1911244719e0e672c4324	7412
RESULT-SUMMARY.tsv	66f36dce14f146471e6e6198aad0c707d47bfa19ee2b93686f9bf6523a95ecce	1486
analysis/crossing-topology-v1/NGSPICE46-P1-CML-DIV2-CML-DIV4-READ-ONLY-STAGE2-REPLAY-CROSSING-TOPOLOGY-V1-MANIFEST.log	d2e1a16a920dfdd74c568aaec6c3ff790373a14f7b27940ffbaee250932383b8	2240
analysis/crossing-topology-v1/NGSPICE46-P1-CML-DIV2-CML-DIV4-READ-ONLY-STAGE2-REPLAY-CROSSING-TOPOLOGY-V1-PARSER.py	4a8d6cfcbdfda74214a38dd3bc887012aa2d8d4fd05fe6d5767b24c9d0f1651e	19631
analysis/crossing-topology-v1/NGSPICE46-P1-CML-DIV2-CML-DIV4-READ-ONLY-STAGE2-REPLAY-CROSSING-TOPOLOGY-V1-REPORT.log	fa0474ee9b5cf6e4c6f4eb6a12351c1faae5680479c2a732baea285de315ec19	19865
analysis/crossing-topology-v1/NGSPICE46-P1-CML-DIV2-CML-DIV4-READ-ONLY-STAGE2-REPLAY-CROSSING-TOPOLOGY-V1-SELFCHECK-OUTPUT.log	ac427e39ef3e3e6f5c8b2c1306a67edbe6a75b73f53882f665ffe7f4282bb074	8834
analysis/crossing-topology-v1/NGSPICE46-P1-CML-DIV2-CML-DIV4-READ-ONLY-STAGE2-REPLAY-CROSSING-TOPOLOGY-V1-SELFCHECK.py	a85df654bea563ee7ae922f6a6394e4c3381a34a6274cc170f3df5e495b28373	12406
analysis/crossing-topology-v1/NGSPICE46-P1-CML-DIV2-CML-DIV4-READ-ONLY-STAGE2-REPLAY-CROSSING-TOPOLOGY-V1-TOPOLOGY.tsv	e1ecb52056a2cd1243c110abb52ae9b254dde1eca20bfad2609f1116ff518aa4	13012
analysis/crossing-topology-v1/VERIFY-PUBLIC-TOPOLOGY.py	650b4be8eec84b7652c3d14829f68f46a0fded7b5abf42e64d53a318bc7b80e1	6169
analysis/read-only-waveform-v1/NGSPICE46-P1-CML-DIV2-CML-DIV4-READ-ONLY-STAGE2-REPLAY-WAVEFORM-ANALYSIS-V1-FACTS.tsv	07e95bbe72cfe9a073b3a6e7156c4cdea7bfb6491a9530ed5641796ac867b682	7893
analysis/read-only-waveform-v1/NGSPICE46-P1-CML-DIV2-CML-DIV4-READ-ONLY-STAGE2-REPLAY-WAVEFORM-ANALYSIS-V1-MANIFEST.log	beb0019a0f707759b7fb50635e9713a27dd94ec4772e24cd6d2d830411a21282	2118
analysis/read-only-waveform-v1/NGSPICE46-P1-CML-DIV2-CML-DIV4-READ-ONLY-STAGE2-REPLAY-WAVEFORM-ANALYSIS-V1-PARSER.py	85ae201faad0c465fa47b3d7ff384b54d8e113f4ccfa2b6964d9f7fec9826d3d	14583
analysis/read-only-waveform-v1/NGSPICE46-P1-CML-DIV2-CML-DIV4-READ-ONLY-STAGE2-REPLAY-WAVEFORM-ANALYSIS-V1-REPORT.log	284df8e28983d2bc338aa1585d4e7aea837f306546f5e9c0b3c61e5edb4c3d90	16560
analysis/read-only-waveform-v1/NGSPICE46-P1-CML-DIV2-CML-DIV4-READ-ONLY-STAGE2-REPLAY-WAVEFORM-ANALYSIS-V1-SELFCHECK-OUTPUT.log	19bb2465eb0c837b4b2b5cf7b1b0cafa3599ee258973e38e91a033605ddb187c	5869
analysis/read-only-waveform-v1/NGSPICE46-P1-CML-DIV2-CML-DIV4-READ-ONLY-STAGE2-REPLAY-WAVEFORM-ANALYSIS-V1-SELFCHECK.py	ef58866476699c582a2642ba0ce02a942cd9a2773b87f60cd551b9bc0fe7b102	10250
analysis/read-only-waveform-v1/VERIFY-PUBLIC-WAVEFORM.py	989ba876096c579f6977d122b54584f6fd3da095d5434e4da61c3133f0b953a6	4180
corrections/v2-overbroad/NGSPICE46-P1-CML-DIV2-CML-DIV4-STAGE2-REPLAY-RUNTIME-V2-CORRECTION-BOUND-INVENTORY.log	a7a203850a9d7fe4ddcbe69024eb5d22dd78efe9e227b04554ac246f4919e5c2	6239
corrections/v2-overbroad/NGSPICE46-P1-CML-DIV2-CML-DIV4-STAGE2-REPLAY-RUNTIME-V2-CORRECTION-MANIFEST.log	b709c090c8a1980dbe9d98c11a3148e860e54491da5668d8d33e38d83d91ac0e	911
corrections/v2-overbroad/NGSPICE46-P1-CML-DIV2-CML-DIV4-STAGE2-REPLAY-RUNTIME-V2-CORRECTION.log	313985e527e13f24de02794e388fc6ea72798ca1f1adcde008836f448025a530	5822
corrections/v3-accepted/NGSPICE46-P1-CML-DIV2-CML-DIV4-STAGE2-REPLAY-RUNTIME-V3-CORRECTION-OF-CORRECTION-BOUND-INVENTORY.log	423d724939711ce192c788800f9ad4270813f0957c12d2bcb48ecf06f48512b0	7088
corrections/v3-accepted/NGSPICE46-P1-CML-DIV2-CML-DIV4-STAGE2-REPLAY-RUNTIME-V3-CORRECTION-OF-CORRECTION-MANIFEST.log	c2e559283a97a1a40d43a9ac50909b4e01b9d8a9d661c94946be1b21b3ac69f8	967
corrections/v3-accepted/NGSPICE46-P1-CML-DIV2-CML-DIV4-STAGE2-REPLAY-RUNTIME-V3-CORRECTION-OF-CORRECTION.log	d2e7cd9144adfd86b0e49a16391b280a704e171e78919254daf05e6db3e75b44	6678
runtime/failed-attempt-v1/UNLOADED-RUN/POST-HASHES.txt	cdaf9c6e9b4a5a61f219cd875f5903508866b6eb6f63ccf77fd437f696ec0304	818
runtime/failed-attempt-v1/UNLOADED-RUN/PRE-HASHES.txt	921f8ca46c2b73d9fb86f9b86c33a2ca188fc9461b413099a7acf9973d592926	756
runtime/failed-attempt-v1/UNLOADED-RUN/p1_cml_div2_front_integrated_sinks.spice	689d4beedfce278f0c13cf0e79a25b87ba8a12d25b9459e51dfbfde041cd3db7	5454
runtime/failed-attempt-v1/UNLOADED-RUN/raw_tb_p1_cml_div2_front_unloaded_replay_tran_v2.raw	c954e868ec28eaf716e583f07d7d3dcd6b4cfbca3ea236d66850a0607722bfed	7120469
runtime/failed-attempt-v1/UNLOADED-RUN/replay_unloaded_tpn.data	d4d7fa0a48d78d5ff8dfa05cdfb3caea6894e75446f1178018e29b8823848f83	138012
runtime/failed-attempt-v1/UNLOADED-RUN/stderr.log	324d19065ee562a86acd081f844a200ec73e3c7452f93dc6def6f9b16034a628	236
runtime/failed-attempt-v1/UNLOADED-RUN/stdout.log	b901504709bb7ff5776385787651740acc326110c490183f0ea0e5753d4dfaea	6769
runtime/failed-attempt-v1/UNLOADED-RUN/tb_p1_cml_div2_front_unloaded_replay_tran_v2.cir	cc0c6050af87a043d9662ce9f6814a6011cd3c9e2bc358b55c9c4a48c632b7d3	1944
runtime/pair-v1/LOADED-RUN/POST-HASHES.txt	794374f9791203690dc0deea1c7134ff3e08b8c3fb55508df75e46ccf4fa7c80	810
runtime/pair-v1/LOADED-RUN/PRE-HASHES.txt	ba9458d3e532b301b272206a3159c7c4af32ebee6c832e602140d7973c431c92	750
runtime/pair-v1/LOADED-RUN/p1_cml_div2_front_integrated_sinks.spice	689d4beedfce278f0c13cf0e79a25b87ba8a12d25b9459e51dfbfde041cd3db7	5454
runtime/pair-v1/LOADED-RUN/raw_tb_p1_cml_div2_front_loaded_replay_tran_v2.raw	2f2010d24096030bb0317bf1c774fa16bcb82a61c09eb6f3badca402da357c26	6914547
runtime/pair-v1/LOADED-RUN/replay_loaded_tpn.data	af179591af0e612b366152e4d0a9678e93db39e83dfd9fcd95db4bb2cd4f70e8	138005
runtime/pair-v1/LOADED-RUN/stderr.log	324d19065ee562a86acd081f844a200ec73e3c7452f93dc6def6f9b16034a628	236
runtime/pair-v1/LOADED-RUN/stdout.log	584dce05f961ed2d5fb27755d44edfcf95df428456e2d9d9c94c784bc677d2ff	7213
runtime/pair-v1/LOADED-RUN/tb_p1_cml_div2_front_loaded_replay_tran_v2.cir	a05f067fb3275100749c94bc5453b3384f3fa8b211c4ae46f5af733aed1fca45	1941
runtime/pair-v1/NGSPICE46-P1-CML-DIV2-CML-DIV4-STAGE2-REPLAY-RUNTIME-V1-MANIFEST.log	b5e6c44a863440727e94e3c1f6bedc219717ed3052055f3c9b404657ebe0a397	3551
runtime/pair-v1/NGSPICE46-P1-CML-DIV2-CML-DIV4-STAGE2-REPLAY-RUNTIME-V1-RAW-MANIFEST.log	f534e6ad3177bb8021aa9cf4fb59e54cbd87a91d44da3cc349547e00cf0820c3	866
runtime/pair-v1/NGSPICE46-P1-CML-DIV2-CML-DIV4-STAGE2-REPLAY-RUNTIME-V1.log	a037dbe231fdbae0d960b5a0c526eda8b5a5bf701d34464c5d870d1f961b479e	3450
runtime/pair-v1/UNLOADED-RUN/POST-HASHES.txt	afa04121fc6d641e9045609d4b68d04f77d469bcfbb7893734561a63017b634d	818
runtime/pair-v1/UNLOADED-RUN/PRE-HASHES.txt	d150e74a6d28cbac4d2f01e7d6ab70ed531c49a9766175229431d21bfcede5b9	756
runtime/pair-v1/UNLOADED-RUN/p1_cml_div2_front_integrated_sinks.spice	689d4beedfce278f0c13cf0e79a25b87ba8a12d25b9459e51dfbfde041cd3db7	5454
runtime/pair-v1/UNLOADED-RUN/raw_tb_p1_cml_div2_front_unloaded_replay_tran_v2.raw	456aa04dafc1b8a3023552e31cc1ba1c16fd8c55e04b5171934a7f0670489881	7120469
runtime/pair-v1/UNLOADED-RUN/replay_unloaded_tpn.data	d4d7fa0a48d78d5ff8dfa05cdfb3caea6894e75446f1178018e29b8823848f83	138012
runtime/pair-v1/UNLOADED-RUN/stderr.log	324d19065ee562a86acd081f844a200ec73e3c7452f93dc6def6f9b16034a628	236
runtime/pair-v1/UNLOADED-RUN/stdout.log	2a46edc0eef695b4ae0ebee647d1f3d89ccb3908053cc20774bdd24ed6832680	7345
runtime/pair-v1/UNLOADED-RUN/tb_p1_cml_div2_front_unloaded_replay_tran_v2.cir	cc0c6050af87a043d9662ce9f6814a6011cd3c9e2bc358b55c9c4a48c632b7d3	1944
source-deck/v1-unsupported/NGSPICE46-P1-CML-DIV2-CML-DIV4-STAGE2-REPLAY-SOURCE-DECK-V1-DECK-DIFF.diff	f7e73eb9b36dce4ef826763140e7d91fc1056700c43d4d81d4b98f3a236af212	1657
source-deck/v1-unsupported/NGSPICE46-P1-CML-DIV2-CML-DIV4-STAGE2-REPLAY-SOURCE-DECK-V1-MANIFEST.log	f3e6d137c65d9adea5c4340eb2b526d128df4307f9cd134ccbab98b90cee0305	2151
source-deck/v1-unsupported/NGSPICE46-P1-CML-DIV2-CML-DIV4-STAGE2-REPLAY-SOURCE-DECK-V1.log	96590ce7e29cc87932a7c56d95d41d8d5de1872b97781383c20609a06059ec6c	5399
source-deck/v1-unsupported/extract_stage1_replay_waveforms.py	1941c0c9259241b76544a7a66d279c32d23979fcaaaf0c3796bb4d9365d82c45	3928
source-deck/v1-unsupported/p1_cml_div2_front_integrated_sinks.spice	689d4beedfce278f0c13cf0e79a25b87ba8a12d25b9459e51dfbfde041cd3db7	5454
source-deck/v1-unsupported/replay_loaded_div2_n_1.pwl	b1f771e47187a462e0242ac25cffbede810cd00ebf8bee43b48093d95f3e05b3	94860
source-deck/v1-unsupported/replay_loaded_div2_p_1.pwl	0ec539a814ada5d7c6a2635abbf297608238573cf65980199a3d1a9f0b018f41	94886
source-deck/v1-unsupported/replay_unloaded_div2_n_1.pwl	9c8417d8c286db2857f5be6736a34d3ecfb83b69e38a73df7974b7808b1a4708	94841
source-deck/v1-unsupported/replay_unloaded_div2_p_1.pwl	a3fb5a7e86971ba8680918e9121c114c5ce384b5ae2fc2e1c944edeb2d31e822	94832
source-deck/v1-unsupported/tb_p1_cml_div2_front_loaded_replay_tran_v1.cir	dd9e90c5e300508500f5dbc5336b3d0e4064a0bb93afc3d3d73db37e3c589868	1783
source-deck/v1-unsupported/tb_p1_cml_div2_front_unloaded_replay_tran_v1.cir	29b907c8b74b9a207527ab2fd398d4891571ca6cddf6df4060b3e74d2ff5f35f	1788
source-deck/v2-filesource/NGSPICE46-P1-CML-DIV2-CML-DIV4-STAGE2-REPLAY-SOURCE-DECK-V2-DECK-DIFF.diff	e9b794005b72cf15cd4ed5dc36ca9f6f5f77e811c957fe993c4ba746b1ff3c27	1780
source-deck/v2-filesource/NGSPICE46-P1-CML-DIV2-CML-DIV4-STAGE2-REPLAY-SOURCE-DECK-V2-MANIFEST.log	4065b48aa17dae42d3750c6b7fa4590a06953193f30710535f36982f8d662a2f	2169
source-deck/v2-filesource/NGSPICE46-P1-CML-DIV2-CML-DIV4-STAGE2-REPLAY-SOURCE-DECK-V2-SUPERSEDES-V1.log	a1c01ca29a36776a66cadf50f626b00b2f7cff1ba752403f0d8c14309cec04ea	1738
source-deck/v2-filesource/NGSPICE46-P1-CML-DIV2-CML-DIV4-STAGE2-REPLAY-SOURCE-DECK-V2.log	bf94900446b1f2007d3ba329c919d6950f254850ed3cb1ddf285a6afa3fca19b	5170
source-deck/v2-filesource/extract_stage1_replay_tpn_v2.py	bb7d4419961b1f9f474461bd196552ea426b431a94c51c52ab6ac27fb46b351f	3606
source-deck/v2-filesource/p1_cml_div2_front_integrated_sinks.spice	689d4beedfce278f0c13cf0e79a25b87ba8a12d25b9459e51dfbfde041cd3db7	5454
source-deck/v2-filesource/replay_loaded_tpn.data	af179591af0e612b366152e4d0a9678e93db39e83dfd9fcd95db4bb2cd4f70e8	138005
source-deck/v2-filesource/replay_unloaded_tpn.data	d4d7fa0a48d78d5ff8dfa05cdfb3caea6894e75446f1178018e29b8823848f83	138012
source-deck/v2-filesource/tb_p1_cml_div2_front_loaded_replay_tran_v2.cir	a05f067fb3275100749c94bc5453b3384f3fa8b211c4ae46f5af733aed1fca45	1941
source-deck/v2-filesource/tb_p1_cml_div2_front_unloaded_replay_tran_v2.cir	cc0c6050af87a043d9662ce9f6814a6011cd3c9e2bc358b55c9c4a48c632b7d3	1944
