equation	nterms	b_hex	x_hex	fsum_ax_hex	naive_ax_hex	residual_hex	residual_dec	scale_hex	scale_dec	norm_residual	|fsum-decimal|
1	15	0x0.0p+0	0x0.0p+0	-0x1.75fa000000000p-57	-0x1.75fa000000000p-57	-0x1.75fa000000000p-57	-1.01366550380290257e-17	0x1.7641c9321f744p-3	1.82742664186600234e-01	5.546956e-17	4.560502e-21
2	278	0x0.0p+0	-0x1.a8d76abdb6215p-8	0x1.3a00000000000p-62	0x1.3a00000000000p-62	0x1.3a00000000000p-62	2.65968345437850306e-19	0x1.de1d85fd5a6c7p-11	9.11932612934062618e-04	2.916535e-16	1.730746e-20
3	46	0x1.8e41660d0bda5p-7	0x1.4000000000000p+1	0x1.8e41660d0bdbdp-7	0x1.8e41660d0bdbdp-7	0x1.8000000000000p-55	4.16333634234433703e-17	0x1.f359f023c103dp-1	9.75295547832963572e-01	4.268795e-17	1.734723e-18
4	20	0x1.34002d8e5772ap-13	0x1.388d379fcdbf3p+1	0x1.34002d8e57424p-13	0x1.34002d8e57424p-13	-0x1.8300000000000p-56	-2.09793120375945108e-17	0x1.300188e720f19p-2	2.96880854708648168e-01	7.066576e-17	1.623593e-17
5	8	0x0.0p+0	0x0.0p+0	0x0.0p+0	0x0.0p+0	0x0.0p+0	0.00000000000000000e+00	0x0.0p+0	0.00000000000000000e+00	0.000000e+00	0.000000e+00
6	18	0x1.34002d8e579e7p-13	0x1.388d379fcd8fbp+1	0x1.34002d8e57a2ep-13	0x1.34002d8e57a2ep-13	0x1.1c00000000000p-59	1.92445885616177037e-18	0x1.300188e720cb4p-2	2.96880854708614139e-01	6.482260e-18	9.053088e-18
7	8	0x0.0p+0	0x0.0p+0	0x0.0p+0	0x0.0p+0	0x0.0p+0	0.00000000000000000e+00	0x0.0p+0	0.00000000000000000e+00	0.000000e+00	0.000000e+00
8	26	-0x1.6324b823bcdfap-11	0x1.c6416f979941dp-2	-0x1.6324b823bcf43p-11	-0x1.6324b823bcf43p-11	-0x1.4900000000000p-55	-3.56702514747730959e-17	0x1.4216704210cbcp-3	1.57269360557711013e-01	2.268099e-16	6.505213e-18
9	23	-0x1.c3e7fbf4ea510p-12	-0x1.3e2b32f13832fp-2	-0x1.c3e7fbf4ea378p-12	-0x1.c3e7fbf4ea378p-12	0x1.9800000000000p-56	2.21177243187042905e-17	0x1.e1dd8316236cap-5	5.88214454920553270e-02	3.760146e-16	2.602085e-18
10	4	0x1.f8e00e049c655p-36	-0x1.a8d766635c6eep-8	0x1.f8e00e4108600p-36	0x1.f8e00e4108600p-36	0x1.e35fd58000000p-63	2.04717000789710951e-19	0x1.ab5807cb03213p-7	1.30414999057615662e-02	1.569735e-17	1.256990e-19
11	13	0x1.4e6f9a4c2cb71p-2	0x1.0c3cc249f7f1cp+8	0x1.4e6f9a4c2cb71p-2	0x1.4e6f9a4c2cb71p-2	0x0.0p+0	0.00000000000000000e+00	0x1.59dedd30da309p-1	6.75528442586341815e-01	0.000000e+00	0.000000e+00
12	27	-0x1.6324b823bccaap-11	0x1.c6416f9799d2ap-2	-0x1.6324b823bcb92p-11	-0x1.6324b823bcb92p-11	0x1.1800000000000p-55	3.03576608295941242e-17	0x1.42167042113a1p-3	1.57269360557760002e-01	1.930297e-16	4.878910e-18
13	4	0x1.f8e00e049c2b3p-36	-0x1.a8d766635c6eep-8	0x1.f8e00e410c400p-36	0x1.f8e00e410c400p-36	0x1.e380a68000000p-63	2.04771290979758279e-19	0x1.ab5807cb03210p-7	1.30414999057615610e-02	1.570151e-17	1.256930e-19
14	13	0x1.4e6f9a4c2bd50p-2	0x1.0c3cc249f7f0ap+8	0x1.4e6f9a4c2bd51p-2	0x1.4e6f9a4c2bd51p-2	0x1.0000000000000p-54	5.55111512312578270e-17	0x1.59dedd30d9a3ap-1	6.75528442586091460e-01	8.217441e-17	0.000000e+00
15	23	-0x1.632eddbea1413p-11	0x1.a96cb5feecfe7p-2	-0x1.632eddbea198fp-11	-0x1.632eddbea198fp-11	-0x1.5f00000000000p-53	-1.52221985016964823e-16	0x1.f8d9010cdd84ap-4	1.23253826239165282e-01	1.235028e-15	2.493665e-18
16	22	0x1.4d4883cfe2186p-10	-0x1.447a72d0e35ffp-1	0x1.4d4883cfe219bp-10	0x1.4d4883cfe219bp-10	0x1.5000000000000p-58	4.55364912443911862e-18	0x1.210578682637ep-3	1.41123715093978974e-01	3.226707e-17	3.035766e-18
17	4	0x1.66363e841527cp-30	-0x1.c9b01e4aafd60p-8	0x1.66363e82285dap-30	0x1.66363e82285dap-30	-0x1.ecca200000000p-62	-4.17408985574364890e-19	0x1.aa89aa919d8cbp-8	6.50844969060510991e-03	6.413340e-17	1.187385e-19
18	13	0x1.9a4c387db446dp-9	0x1.1567075450513p+5	0x1.9a4c387db446ap-9	0x1.9a4c387db446ap-9	-0x1.8000000000000p-60	-1.30104260698260532e-18	0x1.0069f109440ffp-4	6.26010337330207139e-02	2.078309e-17	0.000000e+00
19	25	-0x1.632eddbea0e75p-11	0x1.a96cb5feee2e8p-2	-0x1.632eddbea0e54p-11	-0x1.632eddbea0e54p-11	0x1.0800000000000p-58	3.57786716920216463e-18	0x1.f8d9010cdef63p-4	1.23253826239247341e-01	2.902845e-17	2.059984e-18
20	4	0x1.66363e841527cp-30	-0x1.c9b01e4aafd75p-8	0x1.66363e8028531p-30	0x1.66363e8028531p-30	-0x1.f66a580000000p-61	-8.51124802949447029e-19	0x1.aa89aa919d8dep-8	6.50844969060512639e-03	1.307723e-16	2.694059e-19
21	13	0x1.9a4c387db3f61p-9	0x1.156707545021dp+5	0x1.9a4c387db3f5ep-9	0x1.9a4c387db3f5ep-9	-0x1.8000000000000p-60	-1.30104260698260532e-18	0x1.0069f10943e28p-4	6.26010337330106248e-02	2.078309e-17	8.673617e-19
22	10	-0x1.11e8d767d0137p-9	0x1.3333333333333p+0	-0x1.11e8d767d0143p-9	-0x1.11e8d767d0143p-9	-0x1.8000000000000p-58	-5.20417042793042128e-18	0x1.26f682ab93246p-3	1.44024868832632602e-01	3.613383e-17	2.602085e-18
23	15	-0x1.2b344f92dd18ap-7	0x1.03d0ca9a23e31p+8	-0x1.2b344f92dd0adp-7	-0x1.2b344f92dd0adp-7	0x1.ba00000000000p-52	3.83373888190874368e-16	0x1.98734cce0485bp+6	1.02112597674394621e+02	3.754423e-18	1.991463e-15
24	4	0x1.70e4ccf04e678p-39	-0x1.c0dd6f7481a6dp-8	0x1.70e4cff034648p-39	0x1.70e4cff034648p-39	0x1.7ff2fe8000000p-62	3.25217618966752966e-19	0x1.194325dcb9f3cp-7	8.58344410649147099e-03	3.788894e-17	2.593057e-19
25	13	0x1.4e4596e76afb9p-5	0x1.8c02aa1a8af49p+8	0x1.4e4596e76af11p-5	0x1.4e4596e76af11p-5	-0x1.5000000000000p-50	-1.16573417585641437e-15	0x1.f0e4e1c46fafap+3	1.55279396855016678e+01	7.507333e-17	3.885781e-16
26	10	0x1.caed617f3d977p-12	0x0.0p+0	0x1.caed617f3d977p-12	0x1.caed617f3d977p-12	0x0.0p+0	0.00000000000000000e+00	0x1.01a317da9a32bp-9	1.96561495004167952e-03	0.000000e+00	5.421011e-20
27	4	0x1.629f706cffad8p-27	0x1.c78c5582a4ed1p-10	0x1.629f706cfbad3p-27	0x1.629f706cfbad3p-27	-0x1.0014000000000p-65	-2.71133261182631411e-20	0x1.afdcde65368cap-10	1.64742572206093502e-03	1.645800e-17	2.728042e-20
28	13	0x1.ee77d7d18aa85p-1	-0x1.f7aceb46fa9abp+7	0x1.ee77d7d18a9ebp-1	0x1.ee77d7d18a9ebp-1	-0x1.3400000000000p-46	-1.70974345792274107e-14	0x1.11c0e117d3dbcp+6	6.84383586619432549e+01	2.498224e-16	5.773160e-15
29	4	0x1.3e146af5b30fcp-30	-0x1.e6b3dc856ad27p-8	0x1.3e146af7ddabcp-30	0x1.3e146af7ddabcp-30	0x1.154e000000000p-61	4.69772413481115477e-19	0x1.c5884bb3674f9p-8	6.92035530246681244e-03	6.788270e-17	3.279647e-19
30	13	0x1.bf5c93d02beccp-7	-0x1.836b352e8913cp+6	0x1.bf5c93d02bec6p-7	0x1.bf5c93d02bec6p-7	-0x1.8000000000000p-57	-1.04083408558608426e-17	0x1.28f54cd2dac26p-4	7.24995613979194375e-02	1.435642e-16	1.734723e-18
31	4	0x1.3e146af5b30fcp-30	-0x1.e6b3dc856b750p-8	0x1.3e146af5d94b0p-30	0x1.3e146af5d94b0p-30	0x1.31da000000000p-65	3.23832938008384804e-20	0x1.c5884bb367e73p-8	6.92035530246891666e-03	4.679426e-18	9.364160e-20
32	13	0x1.bf5c93d042602p-7	-0x1.836b352e94255p+6	0x1.bf5c93d0425fdp-7	0x1.bf5c93d0425fdp-7	-0x1.4000000000000p-57	-8.67361737988403547e-18	0x1.28f54cd2e7dbep-4	7.24995613986640641e-02	1.196368e-16	1.734723e-18
33	40	-0x1.22c163260ebddp-9	0x1.6f8968c7d7fcfp+0	-0x1.22c163260eb51p-9	-0x1.22c163260eb51p-9	0x1.1800000000000p-54	6.07153216591882483e-17	0x1.a197be2f1e733p+0	1.63122166300167915e+00	3.722077e-17	9.974660e-18
34	6	-0x1.9400a6821dc0fp-12	0x1.61e8d8f241125p-2	-0x1.9400a6821dbfep-12	-0x1.9400a6821dbfep-12	0x1.1000000000000p-60	9.21571846612678769e-19	0x1.fdcb5d93bc86ep-4	1.24461522613076275e-01	7.404472e-18	7.047314e-19
35	4	0x1.da1d40380dabbp-36	-0x1.99f55af6cc575p-8	0x1.da1d4091921a2p-36	0x1.da1d4091921a2p-36	0x1.6611b9c000000p-62	3.03296444161174092e-19	0x1.095007ac093d9p-7	8.09669851884990861e-03	3.745927e-17	9.681266e-20
36	13	0x1.7833e600d5390p-4	0x1.9a215d86b14dfp+4	0x1.7833e600d538ep-4	0x1.7833e600d538ep-4	-0x1.0000000000000p-55	-2.77555756156289135e-17	0x1.25ed721cb47ecp-2	2.87038596155183567e-01	9.669632e-17	1.387779e-17
37	8	0x0.0p+0	0x0.0p+0	0x0.0p+0	0x0.0p+0	0x0.0p+0	0.00000000000000000e+00	0x0.0p+0	0.00000000000000000e+00	0.000000e+00	0.000000e+00
38	6	-0x1.9400a6821e075p-12	0x1.61e8d8f241200p-2	-0x1.9400a6821e0bep-12	-0x1.9400a6821e0bep-12	-0x1.2400000000000p-58	-3.95733792957209118e-18	0x1.fdcb5d93bca0cp-4	1.24461522613082021e-01	3.179567e-17	1.084202e-18
39	4	0x1.da1d40380dc89p-36	-0x1.99f55af6cc55dp-8	0x1.da1d4091923bap-36	0x1.da1d4091923bap-36	0x1.6611cc4000000p-62	3.03296683268069908e-19	0x1.095007ac092c3p-7	8.09669851884942636e-03	3.745930e-17	6.007165e-19
40	13	0x1.7833e600d5616p-4	0x1.9a215d86b1eb1p+4	0x1.7833e600d5618p-4	0x1.7833e600d5618p-4	0x1.0000000000000p-55	2.77555756156289135e-17	0x1.25ed721cb49f4p-2	2.87038596155212433e-01	9.669632e-17	0.000000e+00
41	8	0x0.0p+0	0x0.0p+0	0x0.0p+0	0x0.0p+0	0x0.0p+0	0.00000000000000000e+00	0x0.0p+0	0.00000000000000000e+00	0.000000e+00	0.000000e+00
42	13	-0x1.81514f9f9d827p+4	-0x1.7fdda027c2ec8p+4	-0x1.81514f9f9d826p+4	-0x1.81514f9f9d826p+4	0x1.0000000000000p-48	3.55271367880050093e-15	0x1.035ffcc21631ep+6	6.48437376333281179e+01	5.478885e-17	3.552714e-15
43	6	-0x1.18e4d186ad4a4p-15	0x1.b707d7cb1acc3p-3	-0x1.18e4d186ad46ap-15	-0x1.18e4d186ad46ap-15	0x1.d000000000000p-62	3.93023287525995357e-19	0x1.90544c4254b26p-6	2.44341606824704169e-02	1.608499e-17	7.860466e-19
44	4	-0x1.bd9a2658986d0p-34	-0x1.a8d769e133866p-8	-0x1.bd9a2653d4d2bp-34	-0x1.bd9a2653d4d2bp-34	0x1.30e6940000000p-64	6.45652337460056544e-20	0x1.6c3066a917075p-7	1.11141682884225799e-02	5.809273e-18	5.781522e-19
45	12	0x1.5436ba7aac622p-7	-0x1.0a547632c64e6p+5	0x1.5436ba7aac625p-7	0x1.5436ba7aac625p-7	0x1.8000000000000p-58	5.20417042793042128e-18	0x1.3aa0ddc2860dcp-5	3.84067851302362928e-02	1.355013e-16	3.469447e-18
46	8	0x0.0p+0	0x0.0p+0	0x0.0p+0	0x0.0p+0	0x0.0p+0	0.00000000000000000e+00	0x0.0p+0	0.00000000000000000e+00	0.000000e+00	0.000000e+00
47	6	-0x1.7b408d2c72eddp-21	-0x1.a0d18dda8f5fep-13	-0x1.7b408d2c72ef0p-21	-0x1.7b408d2c72ef0p-21	-0x1.3000000000000p-69	-2.01170324972896331e-21	0x1.e80a69f83191bp-15	5.81789826710635031e-05	3.457783e-17	2.329341e-21
48	4	-0x1.4cd3b7b6d5768p-20	-0x1.63cbf8b86cd77p-5	-0x1.4cd3b7b6d7751p-20	-0x1.4cd3b7b6d7751p-20	-0x1.fe90000000000p-60	-1.72985303653009487e-18	0x1.615946964a1dep-4	8.62667805964813794e-02	2.005237e-17	1.591998e-18
49	13	0x1.787d5121f05b7p-15	0x1.3884aa57324e9p-4	0x1.787d5121f0594p-15	0x1.787d5121f0594p-15	-0x1.1800000000000p-62	-2.37169225231204095e-19	0x1.d2724714cf3f0p-7	1.42348143650625480e-02	1.666121e-17	6.776264e-21
50	8	0x0.0p+0	0x0.0p+0	0x0.0p+0	0x0.0p+0	0x0.0p+0	0.00000000000000000e+00	0x0.0p+0	0.00000000000000000e+00	0.000000e+00	0.000000e+00
51	3	0x0.0p+0	0x0.0p+0	0x0.0p+0	0x0.0p+0	0x0.0p+0	0.00000000000000000e+00	0x0.0p+0	0.00000000000000000e+00	0.000000e+00	0.000000e+00
52	6	-0x1.25bd8453cc71ap-14	-0x1.41d6fcd8e25e4p-11	-0x1.25bd8453cc72cp-14	-0x1.25bd8453cc72cp-14	-0x1.2000000000000p-62	-2.43945488809238498e-19	0x1.ec58bbced9621p-9	3.75630657747440299e-03	6.494291e-17	0.000000e+00
53	4	-0x1.7cb6c7d11379cp-32	-0x1.a8d3d36df1196p-8	-0x1.7cb6c7c4cf840p-32	-0x1.7cb6c7c4cf840p-32	0x1.887eb80000000p-61	6.64912384993347098e-19	0x1.7378b0244a292p-7	1.13364086215182215e-02	5.865282e-17	6.307407e-19
54	13	0x1.42dcfbb15a12cp-5	-0x1.6e4198e5cc60fp+9	0x1.42dcfbb15a167p-5	0x1.42dcfbb15a167p-5	0x1.d800000000000p-52	4.09394740330526474e-16	0x1.119ca7c284a9fp+2	4.27518648143691760e+00	9.576067e-17	1.804112e-16
55	8	0x0.0p+0	0x0.0p+0	0x0.0p+0	0x0.0p+0	0x0.0p+0	0.00000000000000000e+00	0x0.0p+0	0.00000000000000000e+00	0.000000e+00	0.000000e+00
56	20	0x1.34c39fda232e4p-13	0x1.389487752eff5p+1	0x1.34c39fda22fabp-13	0x1.34c39fda22fabp-13	-0x1.9c80000000000p-56	-2.23616698075135290e-17	0x1.30055e4d3ef3fp-2	2.96895478691784065e-01	7.531832e-17	6.776264e-19
57	8	0x0.0p+0	0x0.0p+0	0x0.0p+0	0x0.0p+0	0x0.0p+0	0.00000000000000000e+00	0x0.0p+0	0.00000000000000000e+00	0.000000e+00	0.000000e+00
58	18	0x1.34c39fda23670p-13	0x1.389487752f2e0p+1	0x1.34c39fda23297p-13	0x1.34c39fda23297p-13	-0x1.ec80000000000p-56	-2.66984784974555467e-17	0x1.30055e4d3f197p-2	2.96895478691817372e-01	8.992551e-17	5.719166e-18
59	8	0x0.0p+0	0x0.0p+0	0x0.0p+0	0x0.0p+0	0x0.0p+0	0.00000000000000000e+00	0x0.0p+0	0.00000000000000000e+00	0.000000e+00	0.000000e+00
60	23	0x1.4e46052494156p-10	-0x1.438af4042f89dp-1	0x1.4e46052494173p-10	0x1.4e46052494173p-10	0x1.d000000000000p-58	6.28837260041592572e-18	0x1.2042f48466838p-3	1.40752706804791350e-01	4.467674e-17	6.938894e-18
61	4	0x1.6696f2399094ap-30	-0x1.c9a9eee536aa4p-8	0x1.6696f238e7310p-30	0x1.6696f238e7310p-30	-0x1.52c7400000000p-63	-1.43478199560079139e-19	0x1.aa83c12b8f518p-8	6.50809732502224264e-03	2.204611e-17	2.781769e-19
62	13	0x1.9ba2a995c8d4dp-9	0x1.165033f6a2f3dp+5	0x1.9ba2a995c8d43p-9	0x1.9ba2a995c8d43p-9	-0x1.4000000000000p-58	-4.33680868994201774e-18	0x1.00c66393439c9p-4	6.26891984613627967e-02	6.917952e-17	2.168404e-18
63	4	0x1.6696f2399094bp-30	-0x1.c9a9eee536ab4p-8	0x1.6696f23ae7267p-30	0x1.6696f23ae7267p-30	0x1.5691c00000000p-62	2.90167514258089131e-19	0x1.aa83c12b8f529p-8	6.50809732502225739e-03	4.458561e-17	1.898983e-19
64	13	0x1.9ba2a995c8857p-9	0x1.165033f6a2c46p+5	0x1.9ba2a995c8856p-9	0x1.9ba2a995c8856p-9	-0x1.0000000000000p-61	-4.33680868994201774e-19	0x1.00c6639343a78p-4	6.26891984613652253e-02	6.917952e-18	4.336809e-19
65	22	-0x1.c45b0781c4ca3p-12	-0x1.3e7906d317d4dp-2	-0x1.c45b0781c4c5ap-12	-0x1.c45b0781c4c5ap-12	0x1.2400000000000p-58	3.95733792957209118e-18	0x1.e1fb923e91510p-5	5.88357788406402848e-02	6.726074e-17	3.794708e-19
66	4	0x1.f87d9e7e033a2p-36	-0x1.a8d7666383c71p-8	0x1.f87d9ec292e00p-36	0x1.f87d9ec292e00p-36	0x1.123e978000000p-62	2.32294126431197722e-19	0x1.ab57f0f10a597p-7	1.30414892647248547e-02	1.781193e-17	4.684028e-19
67	13	0x1.4df763196892fp-2	0x1.0b50aa37ebb84p+8	0x1.4df763196892fp-2	0x1.4df763196892fp-2	0x0.0p+0	0.00000000000000000e+00	0x1.5944205a5e13dp-1	6.74347888022601816e-01	0.000000e+00	0.000000e+00
68	4	0x1.f87d9e7e036afp-36	-0x1.a8d7666383c73p-8	0x1.f87d9fc271400p-36	0x1.f87d9fc271400p-36	0x1.446dd51000000p-60	1.09920831770294460e-18	0x1.ab57f0f10a59dp-7	1.30414892647248652e-02	8.428549e-17	4.032915e-19
69	13	0x1.4df76319697afp-2	0x1.0b50aa37ebc3ap+8	0x1.4df76319697afp-2	0x1.4df76319697afp-2	0x0.0p+0	0.00000000000000000e+00	0x1.5944205a5ea4ep-1	6.74347888022859498e-01	0.000000e+00	0.000000e+00
70	16	-0x1.2c84bf7044a0fp-7	0x1.fe78618463238p+7	-0x1.2c84bf7045bb8p-7	-0x1.2c84bf7045bb8p-7	-0x1.1a90000000000p-47	-7.84268483489114487e-15	0x1.91401229ce2cfp+6	1.00312569287499386e+02	7.818247e-17	1.233388e-15
71	4	0x1.6346120fd5cb9p-27	0x1.cba6bdd6e33f6p-10	0x1.6346120fc78a4p-27	0x1.6346120fc78a4p-27	-0x1.c82a000000000p-64	-9.65964975727174658e-20	0x1.b3acc35f5a531p-10	1.66196768244681833e-03	5.812177e-17	5.880427e-20
72	13	0x1.f041d34aad8abp-1	-0x1.f67bba6fef593p+7	0x1.f041d34aad83ep-1	0x1.f041d34aad83ep-1	-0x1.b400000000000p-47	-1.21014309684142063e-14	0x1.0db53003759f3p+6	6.74269409695187250e+01	1.794747e-16	2.553513e-15
73	4	0x1.6dcee273b0811p-39	-0x1.c08932ae8838cp-8	0x1.6dcee62630614p-39	0x1.6dcee62630614p-39	0x1.d93ff01800000p-62	4.00858136704634848e-19	0x1.18ee0ac7890d5p-7	8.57329870547866336e-03	4.675658e-17	3.941810e-19
74	13	0x1.492a386321b93p-5	0x1.84690b9dccd84p+8	0x1.492a386321aebp-5	0x1.492a386321aebp-5	-0x1.5000000000000p-50	-1.16573417585641437e-15	0x1.e37879686ef60p+3	1.51084563293185852e+01	7.715773e-17	1.318390e-16
75	4	0x1.35f53f9d3a7fap-30	-0x1.e6791422a14e6p-8	0x1.35f53f9d40825p-30	0x1.35f53f9d40825p-30	0x1.80ac000000000p-68	5.09108987511074708e-21	0x1.c55616c9ede5dp-8	6.91736275069096147e-03	7.359871e-19	3.257137e-19
76	13	0x1.cd3f1c6859b0ep-7	-0x1.80057e23dee47p+6	0x1.cd3f1c6859b0bp-7	0x1.cd3f1c6859b0bp-7	-0x1.8000000000000p-58	-5.20417042793042128e-18	0x1.3134b6c182765p-4	7.45131625082229992e-02	6.984230e-17	1.734723e-18
77	4	0x1.35f53f9d3a7fap-30	-0x1.e6791422a0b3ep-8	0x1.35f53f9b44919p-30	0x1.35f53f9b44919p-30	-0x1.f5ee100000000p-62	-4.25151189312708090e-19	0x1.c55616c9ed55dp-8	6.91736275068896306e-03	6.146146e-17	2.426321e-19
78	13	0x1.cd3f1c6843356p-7	-0x1.80057e23d45c1p+6	0x1.cd3f1c6843353p-7	0x1.cd3f1c6843353p-7	-0x1.8000000000000p-58	-5.20417042793042128e-18	0x1.3134b6c17555ap-4	7.45131625074767767e-02	6.984230e-17	1.734723e-18
79	40	-0x1.1fc05d335b718p-9	0x1.6efda02ec20fep+0	-0x1.1fc05d335b715p-9	-0x1.1fc05d335b715p-9	0x1.8000000000000p-60	1.30104260698260532e-18	0x1.a13d86d2d0896p+0	1.62984507223931052e+00	7.982615e-19	6.505213e-17
80	6	-0x1.9648609a23ef4p-12	0x1.5ff9c41bba99ep-2	-0x1.9648609a23dacp-12	-0x1.9648609a23dacp-12	0x1.4800000000000p-56	1.77809156287622727e-17	0x1.faa795ba76dc7p-4	1.23694977642507017e-01	1.437481e-16	3.469447e-18
81	4	0x1.c91992719112ap-36	-0x1.9a09a90ef3e3ap-8	0x1.c9199242f83aap-36	0x1.c9199242f83aap-36	-0x1.74c6c00000000p-63	-1.57876932482789692e-19	0x1.0a7718ec91269p-7	8.13187329289029488e-03	1.941458e-17	3.371714e-19
82	13	0x1.7af0c54c6e35bp-4	0x1.896519cece604p+4	0x1.7af0c54c6e35bp-4	0x1.7af0c54c6e35bp-4	0x0.0p+0	0.00000000000000000e+00	0x1.270a4b0be6f11p-2	2.88125202752540110e-01	0.000000e+00	1.387779e-17
83	8	0x0.0p+0	0x0.0p+0	0x0.0p+0	0x0.0p+0	0x0.0p+0	0.00000000000000000e+00	0x0.0p+0	0.00000000000000000e+00	0.000000e+00	0.000000e+00
84	6	-0x1.9648609a23daap-12	0x1.5ff9c41bba972p-2	-0x1.9648609a23d9ap-12	-0x1.9648609a23d9ap-12	0x1.0000000000000p-60	8.67361737988403547e-19	0x1.faa795ba76d70p-4	1.23694977642505810e-01	7.012101e-18	1.084202e-19
85	4	0x1.c9199271910b6p-36	-0x1.9a09a90ef3edep-8	0x1.c9199242f83d4p-36	0x1.c9199242f83d4p-36	-0x1.74c6710000000p-63	-1.57876421957255381e-19	0x1.0a7718ec91316p-7	8.13187329289059499e-03	1.941452e-17	9.474070e-20
86	13	0x1.7af0c54c6e2abp-4	0x1.896519cece5f6p+4	0x1.7af0c54c6e2abp-4	0x1.7af0c54c6e2abp-4	0x0.0p+0	0.00000000000000000e+00	0x1.270a4b0be6e98p-2	2.88125202752533394e-01	0.000000e+00	1.387779e-17
87	8	0x0.0p+0	0x0.0p+0	0x0.0p+0	0x0.0p+0	0x0.0p+0	0.00000000000000000e+00	0x0.0p+0	0.00000000000000000e+00	0.000000e+00	0.000000e+00
88	13	-0x1.830e03b1126c2p+4	-0x1.804f18c909b9ap+4	-0x1.830e03b1126c4p+4	-0x1.830e03b1126c4p+4	-0x1.0000000000000p-47	-7.10542735760100186e-15	0x1.04699ffe49269p+6	6.51031493885181050e+01	1.091411e-16	3.552714e-15
89	6	-0x1.1f430f35f4a2dp-15	0x1.b7a8ca860cc3bp-3	-0x1.1f430f35f48acp-15	-0x1.1f430f35f48acp-15	0x1.8100000000000p-59	2.60886147754324504e-18	0x1.90f3aa5cde735p-6	2.44721568774146254e-02	1.066053e-16	1.084202e-18
90	4	-0x1.bda33cdcbd3c0p-34	-0x1.a8d769e29302fp-8	-0x1.bda33cdde8f16p-34	-0x1.bda33cdde8f16p-34	-0x1.2bb5600000000p-66	-1.58664356727151889e-20	0x1.6c294ceadae05p-7	1.11133218358281469e-02	1.427695e-18	3.478987e-20
91	12	0x1.583344f92735bp-7	-0x1.09c4b2d55cafep+5	0x1.583344f927358p-7	0x1.583344f927358p-7	-0x1.8000000000000p-58	-5.20417042793042128e-18	0x1.3da8eabdac3f2p-5	3.87768349440945764e-02	1.342082e-16	1.734723e-18
92	8	0x0.0p+0	0x0.0p+0	0x0.0p+0	0x0.0p+0	0x0.0p+0	0.00000000000000000e+00	0x0.0p+0	0.00000000000000000e+00	0.000000e+00	0.000000e+00
93	6	-0x1.7c7dc6e77eafbp-21	-0x1.a269ad0bd6954p-13	-0x1.7c7dc6e77eac2p-21	-0x1.7c7dc6e77eac2p-21	0x1.c800000000000p-68	6.03510974918688992e-21	0x1.e9ea7bfe445bfp-15	5.84025328739345742e-05	1.033364e-16	4.235165e-22
94	4	-0x1.4e4afc0bc47d3p-20	-0x1.64fbe7549f097p-5	-0x1.4e4afc0bc39c5p-20	-0x1.4e4afc0bc39c5p-20	0x1.c1c0000000000p-61	7.61906136055243155e-19	0x1.62856b817f8dep-4	8.65530204245916479e-02	8.802768e-18	4.752490e-18
95	13	0x1.7bca715ff6604p-15	0x1.3cf70b52767c5p-4	0x1.7bca715ff66acp-15	0x1.7bca715ff66acp-15	0x1.5000000000000p-60	1.13841228110977966e-18	0x1.d41d49d83db53p-7	1.42857180185111173e-02	7.968884e-17	8.131516e-20
96	8	0x0.0p+0	0x0.0p+0	0x0.0p+0	0x0.0p+0	0x0.0p+0	0.00000000000000000e+00	0x0.0p+0	0.00000000000000000e+00	0.000000e+00	0.000000e+00
97	3	0x0.0p+0	0x0.0p+0	0x0.0p+0	0x0.0p+0	0x0.0p+0	0.00000000000000000e+00	0x0.0p+0	0.00000000000000000e+00	0.000000e+00	0.000000e+00
98	6	-0x1.2da6171ef3af9p-14	-0x1.229312fe28e20p-11	-0x1.2da6171ef3b1cp-14	-0x1.2da6171ef3b1cp-14	-0x1.1800000000000p-61	-4.74338450462408190e-19	0x1.f6757483aa413p-9	3.83345649045852823e-03	1.237365e-16	9.486769e-20
99	4	-0x1.7c7f59bd2d0b6p-32	-0x1.a8d3e58a8d1eap-8	-0x1.7c7f59bb36f40p-32	-0x1.7c7f59bb36f40p-32	0x1.f617600000000p-64	1.06321970227233120e-19	0x1.7357d40629a25p-7	1.13324914239685912e-02	9.382047e-18	2.054939e-20
100	13	0x1.4322d5214a7cfp-5	-0x1.6cdd6aab26570p+9	0x1.4322d5214a813p-5	0x1.4322d5214a813p-5	0x1.1000000000000p-51	4.71844785465691530e-16	0x1.1066945a83c2ap+2	4.25626095618557976e+00	1.108590e-16	2.359224e-16
101	8	0x0.0p+0	0x0.0p+0	0x0.0p+0	0x0.0p+0	0x0.0p+0	0.00000000000000000e+00	0x0.0p+0	0.00000000000000000e+00	0.000000e+00	0.000000e+00
102	10	0x1.5ad776cc4e443p-14	0x1.fe82d8b1f49fdp+7	0x1.5ad776ce7ba95p-14	0x1.5ad776ce7ba95p-14	0x1.16b2900000000p-45	3.09416392247491290e-14	0x1.001cce482fb2ap+8	2.56112522613186798e+02	1.208127e-16	1.321255e-14
103	11	-0x1.0aa97033386cbp-22	0x1.6f0edc92ff1b4p+0	-0x1.0aa97032dffccp-22	-0x1.0aa97032dffccp-22	0x1.61bfc00000000p-56	1.91767729862781563e-17	0x1.9a1c686be0436p-1	8.00997985046825844e-01	2.394110e-17	8.586902e-18
104	10	-0x1.052326fa871dap-5	0x1.034488c593b3ep-7	-0x1.052326fa871dap-5	-0x1.052326fa871dap-5	0x0.0p+0	0.00000000000000000e+00	0x1.ec17e7c7200aep-4	1.20139985448988823e-01	0.000000e+00	0.000000e+00
105	10	0x1.7bdd1dde4d3efp-32	-0x1.a8d3b704cf7b9p-8	0x1.7bdd1dd515974p-32	0x1.7bdd1dd515974p-32	-0x1.26f4f60000000p-61	-4.99676388492191111e-19	0x1.72defd0372dd3p-7	1.13180861871090884e-02	4.414849e-17	4.769239e-19
106	5	0x1.05574a36135a1p-5	0x1.fe82e5f0dbfaep+7	0x1.05574a36136f7p-5	0x1.05574a36136f7p-5	0x1.5600000000000p-49	2.37310171513627211e-15	0x1.db1ddf0657ebfp+5	5.93895855422574570e+01	3.995821e-17	2.275957e-15
107	7	0x1.bd14bed12e97ep-41	0x1.fe82d8b1e58f0p+7	0x1.b56a3af32fb6fp-41	0x1.b56a3af32fb6fp-41	-0x1.eaa0f77fb83c0p-47	-1.36176841062813839e-14	0x1.1675ea8f9d4f2p+7	1.39230305183365601e+02	9.780690e-17	2.158238e-15
108	6	0x1.a8755072ff022p-15	0x1.6f330700b5817p+0	0x1.a8755072ff59dp-15	0x1.a8755072ff59dp-15	0x1.5ec0000000000p-57	9.50709779998226701e-18	0x1.ecd1e85c6ca4ep-3	2.40634742088860099e-01	3.950842e-17	1.101820e-17
109	11	-0x1.33fba240f7082p-23	-0x1.804c370c78a7dp+4	-0x1.33fba257af977p-23	-0x1.33fba257af977p-23	-0x1.6b88f50000000p-51	-6.30632678722196070e-16	0x1.025e20df196b2p+4	1.61479805674377488e+01	3.905335e-17	6.386698e-16
110	10	-0x1.337c743f8f112p-16	0x1.6efc2f3f7a075p+0	-0x1.337c743f8fbc3p-16	-0x1.337c743f8fbc3p-16	-0x1.5620000000000p-57	-9.27331670654008011e-18	0x1.16e980a1a937ep-1	5.44750232442865245e-01	1.702306e-17	9.354632e-18
111	9	0x1.868c03d03f878p-21	-0x1.a90b33f18a166p-13	0x1.868c03d03f872p-21	0x1.868c03d03f872p-21	-0x1.8000000000000p-71	-6.35274710440725254e-22	0x1.ea3aef85be493p-15	5.84399959233174418e-05	1.087055e-17	0.000000e+00
112	10	0x1.257d0567e6990p-19	-0x1.6569752a81850p-5	0x1.257d0567e4e0ap-19	0x1.257d0567e4e0ap-19	-0x1.b860000000000p-59	-2.98409707317690009e-18	0x1.62742db9c0877p-4	8.65365778118148826e-02	3.448365e-17	4.643011e-18
113	5	-0x1.42ad3b6970ef3p-26	-0x1.804c27d87fbd6p+4	-0x1.42ad3b197e0a8p-26	-0x1.42ad3b197e0a8p-26	0x1.3fcb92c000000p-52	2.77378127391549498e-16	0x1.dca5fe69d57aap+1	3.72381572883292211e+00	7.448761e-17	4.764261e-17
114	7	-0x1.f9eee536c7846p-21	-0x1.804b050c52203p+4	-0x1.f9eee53032333p-21	-0x1.f9eee53032333p-21	0x1.a5544c0000000p-51	7.30889801230040406e-16	0x1.177d43ac23f2dp+3	8.73404105778862494e+00	8.368289e-17	2.067860e-16
115	6	0x1.fa6a0fe7ce7d8p-17	0x1.6d615d13edbabp+0	0x1.fa6a0fe7ceb59p-17	0x1.fa6a0fe7ceb59p-17	0x1.c080000000000p-60	1.51957710737421481e-18	0x1.1094883063011p-3	1.33095802284856762e-01	1.141717e-17	1.792322e-18
116	10	0x1.c140d0492445cp-16	0x1.352e0380837aap+0	0x1.c140d04922f9fp-16	0x1.c140d04922f9fp-16	-0x1.4bd0000000000p-56	-1.79875916678923220e-17	0x1.9ce10072fd6f7p-3	2.01601031789031743e-01	8.922371e-17	1.378970e-18
117	10	-0x1.e2b513fc298f4p-18	0x1.6eef4f9733099p+0	-0x1.e2b513fc2bcccp-18	-0x1.e2b513fc2bcccp-18	-0x1.1ec0000000000p-57	-7.77237432400545991e-18	0x1.33de90f6db5c8p-3	1.50326855214571120e-01	5.170317e-17	4.251258e-18
118	9	-0x1.a67358c7becc9p-7	0x1.55f9c9bbc27c6p-2	-0x1.a67358c7becc8p-7	-0x1.a67358c7becc8p-7	0x1.0000000000000p-59	1.73472347597680709e-18	0x1.fa74054b65653p-5	6.18229010971559564e-02	2.805956e-17	0.000000e+00
119	10	0x1.bc4d070e79e31p-34	-0x1.a8d768dcdba0bp-8	0x1.bc4d072d7c684p-34	0x1.bc4d072d7c684p-34	0x1.f028530000000p-62	4.20261763485998357e-19	0x1.6b1966e4874f1p-7	1.10809090047560860e-02	3.792665e-17	9.990720e-20
120	5	0x1.a6e26f7139d23p-7	0x1.f8507f7c112b1p-1	0x1.a6e26f7139d24p-7	0x1.a6e26f7139d24p-7	0x1.0000000000000p-59	1.73472347597680709e-18	0x1.57e05770aa2a5p-4	8.39541831616182482e-02	2.066274e-17	1.734723e-18
121	7	-0x1.eb7928f7fb000p-46	0x1.352e0380801d6p+0	-0x1.eb54677bbd9acp-46	-0x1.eb54677bbd9acp-46	0x1.260be1eb2a000p-57	7.97014407581787820e-18	0x1.c1b74aea50370p-4	1.09793942106092279e-01	7.259184e-17	1.458874e-19
122	6	0x1.0cfcd1d36a933p-15	0x1.6eca7ea601850p+0	0x1.0cfcd1d36a7a4p-15	0x1.0cfcd1d36a7a4p-15	-0x1.8f00000000000p-59	-2.70372916763572668e-18	0x1.95bb34c6775f0p-5	4.95277434126640825e-02	5.459019e-17	5.963112e-19
123	10	0x1.4615eb7dc0a7cp-15	0x1.fa122f8efb262p-5	0x1.4615eb7dc37bdp-15	0x1.4615eb7dc37bdp-15	0x1.6a08000000000p-54	7.85030135515285554e-17	0x1.08a5d4d1718e8p-4	6.46112740715555356e-02	1.215005e-15	1.436568e-18
124	11	0x1.48e32ebda99f1p-5	0x1.6fff7c8e33463p+0	0x1.48e32ebda99f1p-5	0x1.48e32ebda99f1p-5	0x0.0p+0	0.00000000000000000e+00	0x1.ded88bc6f16e9p-2	4.67622932450793061e-01	0.000000e+00	0.000000e+00
125	10	-0x1.d40e55f6f0d5ap-4	0x1.0a36d57f94e6bp-1	-0x1.d40e55f6f0d56p-4	-0x1.d40e55f6f0d56p-4	0x1.0000000000000p-54	5.55111512312578270e-17	0x1.f9ebefaf807a2p-2	4.94064087950500164e-01	1.123562e-16	1.387779e-17
126	10	0x1.90d3f09ba01d2p-22	-0x1.99ffea9a19881p-8	0x1.90d3f09ba14cdp-22	0x1.90d3f09ba14cdp-22	0x1.2fb0000000000p-62	2.57233318169290334e-19	0x1.09c927e376c94p-7	8.11113784486953288e-03	3.171359e-17	3.157315e-19
127	5	0x1.d32dadcd596bep-4	-0x1.2acf6f86c2756p-2	0x1.d32dadcd596c0p-4	0x1.d32dadcd596c0p-4	0x1.0000000000000p-55	2.77555756156289135e-17	0x1.a45e35dacaeeap-2	4.10515634039923527e-01	6.761149e-17	1.387779e-17
128	7	-0x1.9151cb1128b36p-22	0x1.fa0c6a942b79fp-5	-0x1.9151cb112b97dp-22	-0x1.9151cb112b97dp-22	-0x1.7238000000000p-61	-6.27174957882606007e-19	0x1.140a70663fd59p-6	1.68481919909003498e-02	3.722506e-17	7.168016e-19
129	6	-0x1.3f6d0aef3704ep-5	0x1.7e5164907247ap+0	-0x1.3f6d0aef3704ep-5	-0x1.3f6d0aef3704ep-5	0x0.0p+0	0.00000000000000000e+00	0x1.cab25be84058ep-3	2.23973005318879037e-01	0.000000e+00	0.000000e+00
130	11	0x1.4615eb7dc044dp-15	0x1.fa122f8eff600p-5	0x1.4615eb7dbc607p-15	0x1.4615eb7dbc607p-15	-0x1.f230000000000p-54	-1.08027193961024448e-16	0x1.08a5d4d1725efp-4	6.46112740716018180e-02	1.671956e-15	2.412350e-18
131	10	0x1.48e32ebda9ba7p-5	0x1.6fff7c8e33466p+0	0x1.48e32ebda9ba6p-5	0x1.48e32ebda9ba6p-5	-0x1.0000000000000p-57	-6.93889390390722838e-18	0x1.ded88bc6f1711p-2	4.67622932450795281e-01	1.483865e-17	6.938894e-18
132	9	-0x1.d40e55f6f0e14p-4	0x1.0a36d57f94e86p-1	-0x1.d40e55f6f0e14p-4	-0x1.d40e55f6f0e14p-4	0x0.0p+0	0.00000000000000000e+00	0x1.f9ebefaf8085bp-2	4.94064087950510433e-01	0.000000e+00	0.000000e+00
133	10	0x1.90d3f09ba0ae8p-22	-0x1.99ffea9a197ddp-8	0x1.90d3f09ba0c97p-22	0x1.90d3f09ba0c97p-22	0x1.af00000000000p-66	2.28169500166627154e-20	0x1.09c927e376be7p-7	8.11113784486923277e-03	2.813039e-18	3.209725e-19
134	5	0x1.d32dadcd59776p-4	-0x1.2acf6f86c1f25p-2	0x1.d32dadcd59775p-4	0x1.d32dadcd59775p-4	-0x1.0000000000000p-56	-1.38777878078144568e-17	0x1.a45e35dacaf92p-2	4.10515634039932853e-01	3.380575e-17	1.387779e-17
135	7	-0x1.9151cb112944ep-22	0x1.fa0c6a942fb3dp-5	-0x1.9151cb112bab9p-22	-0x1.9151cb112bab9p-22	-0x1.3358000000000p-61	-5.20660564765377740e-19	0x1.140a70664223bp-6	1.68481919909331083e-02	3.090305e-17	8.285570e-19
136	6	-0x1.3f6d0aef371f9p-5	0x1.7e51649072485p+0	-0x1.3f6d0aef371f8p-5	-0x1.3f6d0aef371f8p-5	0x1.0000000000000p-57	6.93889390390722838e-18	0x1.cab25be840625p-3	2.23973005318883228e-01	3.098094e-17	6.938894e-18
137	7	0x1.74a2a96a10957p-15	0x1.4ca15b9f1824dp+0	0x1.74a2a96a10bc9p-15	0x1.74a2a96a10bc9p-15	0x1.3900000000000p-58	4.24194099984953610e-18	0x1.b384f1a80bceap-3	2.12655914250240941e-01	1.994744e-17	3.286488e-18
138	10	-0x1.5071bf9d87f3cp-10	0x1.37ec7af6f0d23p+1	-0x1.5071bf9d87ea0p-10	-0x1.5071bf9d87ea0p-10	0x1.3800000000000p-55	3.38271077815477383e-17	0x1.0889f7585c0b3p-2	2.58338799255407980e-01	1.309409e-16	8.673617e-18
139	6	-0x1.ec60a13f27268p-6	0x1.de9613df67938p-1	-0x1.ec60a13f27261p-6	-0x1.ec60a13f27261p-6	0x1.c000000000000p-56	2.42861286636752993e-17	0x1.b84bfb4b873ecp-3	2.14988673441353639e-01	1.129647e-16	1.040834e-17
140	8	-0x1.a065a740e6177p-20	-0x1.e6ce4015c77a3p-8	-0x1.a065a740e5baep-20	-0x1.a065a740e5baep-20	0x1.7240000000000p-62	3.13613948720904701e-19	0x1.c336d2bc24133p-8	6.88498158355370631e-03	4.555044e-17	1.863472e-20
141	9	0x1.f132ef2f60d61p-6	0x1.ff8c503cfb444p-3	0x1.f132ef2f60d58p-6	0x1.f132ef2f60d58p-6	-0x1.2000000000000p-55	-3.12250225675825277e-17	0x1.78b9783bcaa21p-3	1.83947505306904652e-01	1.697496e-16	6.938894e-18
142	8	0x1.96a8930534b16p-20	0x1.4ca4c70b71c7fp+0	0x1.96a89305270e5p-20	0x1.96a89305270e5p-20	-0x1.b462000000000p-57	-1.18281798336958635e-17	0x1.e3d88ba25f2f6p-4	1.18126435705516147e-01	1.001315e-16	6.856732e-19
143	9	0x1.917d05c54b918p-10	0x1.33fad96ea188fp+1	0x1.917d05c54b8e5p-10	0x1.917d05c54b8e5p-10	-0x1.9800000000000p-57	-1.10588621593521452e-17	0x1.1ff79ff5ac43bp-3	1.40609025654642256e-01	7.864973e-17	5.204170e-18
144	7	0x1.74a2a9686c0f7p-15	0x1.4ca15b9f1817ep+0	0x1.74a2a9686b8e2p-15	0x1.74a2a9686b8e2p-15	-0x1.02a0000000000p-56	-1.40200893429531792e-17	0x1.b384f1a80b113p-3	2.12655914250156813e-01	6.592852e-17	6.776264e-21
145	10	-0x1.5071bf9d8866ep-10	0x1.37ec7af6f101cp+1	-0x1.5071bf9d88667p-10	-0x1.5071bf9d88667p-10	0x1.c000000000000p-60	1.51788304147970621e-18	0x1.0889f7585c277p-2	2.58338799255433071e-01	5.875552e-18	4.770490e-18
146	6	-0x1.ec60a13f27694p-6	0x1.de9613df67faep-1	-0x1.ec60a13f27692p-6	-0x1.ec60a13f27692p-6	0x1.0000000000000p-57	6.93889390390722838e-18	0x1.b84bfb4b87c7ep-3	2.14988673441414535e-01	3.227563e-17	1.387779e-17
147	8	-0x1.a065a740e5a36p-20	-0x1.e6ce4015c8158p-8	-0x1.a065a740e5179p-20	-0x1.a065a740e5179p-20	0x1.17a0000000000p-61	4.73703175751967465e-19	0x1.c336d2bc24a2fp-8	6.88498158355570124e-03	6.880239e-17	4.023406e-20
148	9	0x1.f132ef2f61eaep-6	0x1.ff8c503cf1234p-3	0x1.f132ef2f61eaep-6	0x1.f132ef2f61eaep-6	0x0.0p+0	0.00000000000000000e+00	0x1.78b9783bcb472p-3	1.83947505306977954e-01	0.000000e+00	3.469447e-18
149	8	0x1.96a89305375f0p-20	0x1.4ca4c70b71bb3p+0	0x1.96a89305427a3p-20	0x1.96a89305427a3p-20	0x1.6366000000000p-57	9.63309395088634418e-18	0x1.e3d88ba25f1cap-4	1.18126435705511984e-01	8.154901e-17	2.422514e-19
150	9	0x1.917d05c54bfe3p-10	0x1.33fad96ea1ba9p+1	0x1.917d05c54c015p-10	0x1.917d05c54c015p-10	0x1.9000000000000p-57	1.08420217248550443e-17	0x1.1ff79ff5ac582p-3	1.40609025654651332e-01	7.710758e-17	4.119968e-18
151	9	0x1.3ebd0d39fd9c4p-10	-0x1.7caaf8f0c6e5bp-2	0x1.3ebd0d39fd9bcp-10	0x1.3ebd0d39fd9bcp-10	-0x1.0000000000000p-59	-1.73472347597680709e-18	0x1.f8ea05ca78ae1p-5	6.16350281814186454e-02	2.814509e-17	2.168404e-19
152	9	0x1.0647944e9b5dap-10	0x1.1c3908a1941d8p+0	0x1.0647944e9b5fep-10	0x1.0647944e9b5fep-10	0x1.2000000000000p-57	7.80625564189563192e-18	0x1.ad59b985a87e2p-3	2.09643792525695594e-01	3.723581e-17	5.421011e-18
153	9	-0x1.b39ddab976217p-10	0x1.fead8ae625f4cp+7	-0x1.b39ddab974c50p-10	-0x1.b39ddab974c50p-10	0x1.5c70000000000p-50	1.20888542232133744e-15	0x1.470459a4698cep+4	2.04385620519977280e+01	5.914728e-17	8.949005e-16
154	12	0x1.b54f1eddb8e36p-22	-0x1.c0a181aee0452p-8	0x1.b54f1eddb781ap-22	0x1.b54f1eddb781ap-22	-0x1.61c0000000000p-62	-2.99637905091208745e-19	0x1.17e5164d1e881p-7	8.54171360900957306e-03	3.507937e-17	3.859823e-19
155	5	-0x1.9a89393e2e2a8p-11	-0x1.1630395f61d72p-1	-0x1.9a89393e2e29ep-11	-0x1.9a89393e2e29ep-11	0x1.4000000000000p-60	1.08420217248550443e-18	0x1.12b6d2d25f475p-6	1.67672213369666930e-02	6.466201e-17	2.168404e-19
156	7	-0x1.b58e6a6b690d8p-22	-0x1.7ca5c0a25812ap-2	-0x1.b58e6a6b641f3p-22	-0x1.b58e6a6b641f3p-22	0x1.3b94000000000p-60	1.06922027723094400e-18	0x1.14db2bde3434fp-5	3.37959152981342978e-02	3.163756e-17	1.861884e-19
157	6	0x1.7b13f49a3d237p-15	-0x1.35930798ebe4bp+2	0x1.7b13f49a3ccd5p-15	0x1.7b13f49a3ccd5p-15	-0x1.5880000000000p-57	-9.33769121053140694e-18	0x1.1a11f33946730p-3	1.37729549584770350e-01	6.779730e-17	5.603970e-18
158	9	-0x1.ddf98de82ce4ap-7	-0x1.f1feed4e0a21ap-1	-0x1.ddf98de82ce43p-7	-0x1.ddf98de82ce43p-7	0x1.c000000000000p-57	1.21430643318376497e-17	0x1.49f4c6d52c7f5p-3	1.61111405735539087e-01	7.537061e-17	5.204170e-18
159	10	-0x1.bc3220dea3dbep-13	-0x1.4aff49f2afa2dp-6	-0x1.bc3220dea3db5p-13	-0x1.bc3220dea3db5p-13	0x1.2000000000000p-62	2.43945488809238498e-19	0x1.da5b686f4be49p-9	3.61905717695501896e-03	6.740581e-17	1.897354e-19
160	9	0x1.602b996adf9dcp-7	0x1.ff93da74b3ab9p+7	0x1.602b996adfd48p-7	0x1.602b996adfd48p-7	0x1.b600000000000p-50	1.51961776495568301e-15	0x1.643c2ca638e0ap+4	2.22646910183957871e+01	6.825236e-17	1.457168e-16
161	8	0x1.9d3be56cd413dp-14	0x1.d751143560d0cp-10	0x1.9d3be56cd4140p-14	0x1.9d3be56cd4140p-14	0x1.8000000000000p-65	4.06575814682064163e-20	0x1.070e07afea17cp-9	2.00694888913604923e-03	2.025840e-17	1.355253e-20
162	5	0x1.899db193f8654p-7	-0x1.05eab1bbdb997p+5	0x1.899db193f8652p-7	0x1.899db193f8652p-7	-0x1.0000000000000p-58	-3.46944695195361419e-18	0x1.79c66058338f7p-5	4.61151010255082469e-02	7.523451e-17	0.000000e+00
163	8	-0x1.9d4c36c66947cp-14	-0x1.f23a4ce35caefp-1	-0x1.9d4c36c6697cep-14	-0x1.9d4c36c6697cep-14	-0x1.a900000000000p-57	-1.15196480826584846e-17	0x1.6bc2c0f1db2f4p-4	8.88087784675908876e-02	1.297129e-16	4.363914e-18
164	6	-0x1.e6276908b92b8p-18	0x1.f7e72bf35074ep-4	-0x1.e6276908b9464p-18	-0x1.e6276908b9464p-18	-0x1.ac00000000000p-62	-3.62530101424840545e-19	0x1.5b64fb226adcfp-9	2.65040937047953491e-03	1.367827e-16	1.397604e-19
165	11	0x1.c8232e26d2c7ep-18	0x1.3b671a7f5cb61p+1	0x1.c8232e26d47adp-18	0x1.c8232e26d47adp-18	0x1.b2f0000000000p-58	5.89450227994267606e-18	0x1.a78b66c1fec25p-2	4.13617711630367701e-01	1.425109e-17	1.907264e-17
166	11	-0x1.90719ed6f7102p-12	0x1.c9f52a83fafb2p-2	-0x1.90719ed6f7115p-12	-0x1.90719ed6f7115p-12	-0x1.3000000000000p-60	-1.02999206386122921e-18	0x1.5914539d8ddfap-4	8.42479006031381650e-02	1.222573e-17	2.005774e-18
167	7	-0x1.29b2121022c66p-3	-0x1.46ee0cc8912aep-2	-0x1.29b2121022c66p-3	-0x1.29b2121022c66p-3	0x0.0p+0	0.00000000000000000e+00	0x1.4001fb659fdc0p-2	3.12507560804046847e-01	0.000000e+00	0.000000e+00
168	8	-0x1.f8749b17dcb49p-36	-0x1.a8d7970ab8278p-8	-0x1.f8749b7d5bca3p-36	-0x1.f8749b7d5bca3p-36	-0x1.95fc568000000p-62	-3.43883259681741743e-19	0x1.aa480aece1f04p-7	1.30090764375974180e-02	2.643410e-17	4.441987e-19
169	5	0x1.28d8dbbf07de6p-3	0x1.3ade057f54d20p+1	0x1.28d8dbbf07de6p-3	0x1.28d8dbbf07de6p-3	0x0.0p+0	0.00000000000000000e+00	0x1.89e83e413bbf8p-2	3.84674999934702111e-01	0.000000e+00	0.000000e+00
170	8	-0x1.f80c0033006c5p-48	0x1.3b671a7f2465fp+1	-0x1.f8b8ea8a507c6p-48	-0x1.f8b8ea8a507c6p-48	-0x1.59d4aea020200p-57	-9.37376233419968549e-18	0x1.cac483a203158p-3	2.24007633573260589e-01	4.184573e-17	1.168985e-18
171	6	0x1.9e3bf8ffa9b05p-11	0x1.cb960418fdd31p-2	0x1.9e3bf8ffa9b28p-11	0x1.9e3bf8ffa9b28p-11	0x1.1800000000000p-58	3.79470760369926552e-18	0x1.a094357c5f5fcp-5	5.08519215245364087e-02	7.462270e-17	8.673617e-19
172	11	0x1.c8232e2717490p-18	0x1.3b671a7f5c995p+1	0x1.c8232e27163adp-18	0x1.c8232e27163adp-18	-0x1.0e30000000000p-58	-3.66172343098034037e-18	0x1.a78b66c1fe856p-2	4.13617711630313578e-01	8.852917e-18	1.774703e-17
173	11	-0x1.90719ed6f5ee7p-12	0x1.c9f52a83fb8cep-2	-0x1.90719ed6f5ed6p-12	-0x1.90719ed6f5ed6p-12	0x1.1000000000000p-60	9.21571846612678769e-19	0x1.5914539d8dd87p-4	8.42479006031365690e-02	1.093881e-17	2.981556e-18
174	7	-0x1.29b2121021ee1p-3	-0x1.46ee0cc89064fp-2	-0x1.29b2121021ee2p-3	-0x1.29b2121021ee2p-3	-0x1.0000000000000p-55	-2.77555756156289135e-17	0x1.4001fb659f03cp-2	3.12507560803854778e-01	8.881569e-17	0.000000e+00
175	8	-0x1.f8749b17dc83cp-36	-0x1.a8d7970ab8276p-8	-0x1.f8749c7d7d663p-36	-0x1.f8749c7d7d663p-36	-0x1.65a0e27000000p-60	-1.21169233759164882e-18	0x1.aa480aece1efep-7	1.30090764375974076e-02	9.314207e-17	4.231673e-19
176	5	0x1.28d8dbbf07074p-3	0x1.3ade057f54a98p+1	0x1.28d8dbbf07074p-3	0x1.28d8dbbf07074p-3	0x0.0p+0	0.00000000000000000e+00	0x1.89e83e413ac94p-2	3.84674999934483397e-01	0.000000e+00	0.000000e+00
177	8	-0x1.f80c00330069bp-48	0x1.3b671a7f24493p+1	-0x1.f8b8ea8a7a2c8p-48	-0x1.f8b8ea8a7a2c8p-48	-0x1.59d4aef385a00p-57	-9.37376246893397266e-18	0x1.cac483a202ebbp-3	2.24007633573242021e-01	4.184573e-17	1.168985e-18
178	6	0x1.9e3bf8ffa7721p-11	0x1.cb960418fe63dp-2	0x1.9e3bf8ffa770ap-11	0x1.9e3bf8ffa770ap-11	-0x1.7000000000000p-59	-2.49366499671666020e-18	0x1.a094357c5ee67p-5	5.08519215245229403e-02	4.903777e-17	2.168404e-19
179	12	-0x1.610d2c79381d5p-13	0x1.379cf31a7085bp+1	-0x1.610d2c793817ep-13	-0x1.610d2c793817ep-13	0x1.5c00000000000p-59	2.35813972515597214e-18	0x1.96d06809d4c68p-2	3.97279382324262631e-01	5.935721e-18	1.929880e-17
180	11	-0x1.d64553b1f3bafp-19	0x1.a94e533302018p-2	-0x1.d64553b1f4151p-19	-0x1.d64553b1f4151p-19	-0x1.6880000000000p-61	-6.10710754970350544e-19	0x1.f2704f9a3b47ap-6	3.04222848289339223e-02	2.007445e-17	1.111307e-18
181	7	0x1.547e3f9e025a9p-11	-0x1.3d380e2c34e8bp-1	0x1.547e3f9e025b7p-11	0x1.547e3f9e025b7p-11	0x1.c000000000000p-60	1.51788304147970621e-18	0x1.c415702b4b761p-5	5.51860037615898927e-02	2.750486e-17	1.084202e-19
182	9	-0x1.9ee29e62f4f7cp-20	-0x1.c9d74bd7ba880p-8	-0x1.9ee29e62f5562p-20	-0x1.9ee29e62f5562p-20	-0x1.7980000000000p-62	-3.19754937588498378e-19	0x1.a86dc30460026p-8	6.47626887473510236e-03	4.937333e-17	1.528894e-19
183	5	0x1.9466649f9b314p-17	0x1.37b6b16ec3137p+1	0x1.9466649f9ab2ap-17	0x1.9466649f9ab2ap-17	-0x1.fa80000000000p-59	-3.43217750227442497e-18	0x1.7d3cb5122f435p-4	9.30754731261494578e-02	3.687521e-17	1.031686e-18
184	7	0x1.9ea7b9806599ap-20	0x1.379dda3cd5184p+1	0x1.9ea7b980612c4p-20	0x1.9ea7b980612c4p-20	-0x1.1b58000000000p-58	-3.84002386637737059e-18	0x1.c54300429305bp-3	2.21319200545965739e-01	1.735061e-17	2.253955e-18
185	6	-0x1.e5dd4551fdc9cp-28	0x1.a9413169c020bp-2	-0x1.e5dd4551a80ecp-28	-0x1.e5dd4551a80ecp-28	0x1.56ec000000000p-62	2.90466126459220774e-19	0x1.4d348969ef44cp-7	1.01686163869719945e-02	2.856496e-17	3.304984e-19
186	11	-0x1.610d2c7937f2bp-13	0x1.379cf31a70574p+1	-0x1.610d2c793823dp-13	-0x1.610d2c793823dp-13	-0x1.8900000000000p-56	-2.13045726893401621e-17	0x1.96d06809d4897p-2	3.97279382324208397e-01	5.362617e-17	8.673617e-19
187	12	-0x1.d64553b1f4edep-19	0x1.a94e533300d18p-2	-0x1.d64553b1f5087p-19	-0x1.d64553b1f5087p-19	-0x1.a900000000000p-63	-1.79994501291538822e-19	0x1.f2704f9a3a62dp-6	3.04222848289212207e-02	5.916535e-18	8.364450e-19
188	7	0x1.547e3f9e02770p-11	-0x1.3d380e2c34e86p-1	0x1.547e3f9e02751p-11	0x1.547e3f9e02751p-11	-0x1.f000000000000p-59	-3.36102673470506375e-18	0x1.c415702b4b76ap-5	5.51860037615899551e-02	6.090361e-17	7.589415e-19
189	9	-0x1.9ee29e62f4fb3p-20	-0x1.c9d74bd7ba870p-8	-0x1.9ee29e62f5642p-20	-0x1.9ee29e62f5642p-20	-0x1.a3c0000000000p-62	-3.55542079609992567e-19	0x1.a86dc30460016p-8	6.47626887473508848e-03	5.489922e-17	1.526777e-19
190	5	0x1.9466649f9cf26p-17	0x1.37b6b16ec2e51p+1	0x1.9466649f9e43fp-17	0x1.9466649f9e43fp-17	0x1.5190000000000p-57	9.14964989624095226e-18	0x1.7d3cb5122f08ep-4	9.30754731261364820e-02	9.830356e-17	4.421512e-18
191	7	0x1.9ea7b980659d1p-20	0x1.379dda3cd4e9dp+1	0x1.9ea7b980513a5p-20	0x1.9ea7b980513a5p-20	-0x1.462c000000000p-56	-1.76818127739335196e-17	0x1.c543004292c23p-3	2.21319200545935763e-01	7.989281e-17	1.162362e-17
192	6	-0x1.e5dd455433cd0p-28	0x1.a9413169bef1fp-2	-0x1.e5dd45531e2abp-28	-0x1.e5dd45531e2abp-28	0x1.15a2500000000p-60	9.40660693608564989e-19	0x1.4d348969ef555p-7	1.01686163869724542e-02	9.250626e-17	2.452946e-19
193	10	0x1.55ccf5057d34ap-14	0x1.03d5f99237833p+8	0x1.55ccf5066539bp-14	0x1.55ccf5066539bp-14	0x1.d00a200000000p-47	1.28796848403514574e-14	0x1.04b6da0205211p+8	2.60714264036419138e+02	4.940154e-17	2.613781e-15
194	11	-0x1.01e65ba9a528bp-22	0x1.6f9cf67c01165p+0	-0x1.01e65ba9f861bp-22	-0x1.01e65ba9f861bp-22	-0x1.4ce4000000000p-56	-1.80460369412528687e-17	0x1.9aa4dd0e3f8a3p-1	8.02039058675081740e-01	2.250020e-17	1.673727e-17
195	10	-0x1.01a8a6c094052p-5	0x1.f4f6fae6d8b13p-8	-0x1.01a8a6c094053p-5	-0x1.01a8a6c094053p-5	-0x1.0000000000000p-57	-6.93889390390722838e-18	0x1.e6aa511237622p-4	1.18814770397385888e-01	5.840094e-17	0.000000e+00
196	9	0x1.7c16841dd0d21p-32	-0x1.a8d3a497224c7p-8	0x1.7c16842ffbc6dp-32	0x1.7c16842ffbc6dp-32	0x1.22af4c0000000p-60	9.84878253638046498e-19	0x1.72ffd926ba3f9p-7	1.13220033940297660e-02	8.698798e-17	2.517923e-19
197	5	0x1.01da4cc7b397bp-5	0x1.03d6005d2858bp+8	0x1.01da4cc7b387cp-5	0x1.01da4cc7b387cp-5	-0x1.fe00000000000p-50	-1.76941794549634324e-15	0x1.e3a2f482996acp+5	6.04545679286069060e+01	2.926856e-17	2.844947e-16
198	7	0x1.b7aa4b7cf7faep-41	0x1.03d5f9922fd82p+8	0x1.b5d3389a6584dp-41	0x1.b5d3389a6584dp-41	-0x1.d712e29276100p-49	-3.26873090897360795e-15	0x1.1b7510426bb52p+7	1.41728639674804583e+02	2.306331e-17	8.079890e-16
199	6	0x1.a14bfb94c0138p-15	0x1.6fc6cde873a02p+0	0x1.a14bfb94c0b0dp-15	0x1.a14bfb94c0b0dp-15	0x1.3aa0000000000p-56	1.70558554259125916e-17	0x1.ed00295ae311bp-3	2.40722964368963982e-01	7.085263e-17	8.538092e-19
200	11	-0x1.32a09dab4226dp-23	-0x1.7fdac14cf4b64p+4	-0x1.32a09d6fc7a53p-23	-0x1.32a09d6fc7a53p-23	0x1.dbd40d0000000p-50	1.65086112614932297e-15	0x1.0211e4ea11e46p+4	1.61293687003474346e+01	1.023513e-16	7.064649e-16
201	10	-0x1.318762d739c6fp-16	0x1.6f87f8d5e3256p+0	-0x1.318762d738216p-16	-0x1.318762d738216p-16	0x1.a590000000000p-56	2.28529489169210231e-17	0x1.1753c0a6f4172p-1	5.45560856227935043e-01	4.188891e-17	1.163146e-17
202	9	0x1.854725686af15p-21	-0x1.a769b968770ccp-13	0x1.854725686af21p-21	0x1.854725686af21p-21	0x1.8000000000000p-70	1.27054942088145051e-21	0x1.e85aa05ac973bp-15	5.82163345000233896e-05	2.182462e-17	5.293956e-22
203	9	0x1.24632a7d83faap-19	-0x1.64391866b1824p-5	0x1.24632a7d843f3p-19	0x1.24632a7d843f3p-19	0x1.1240000000000p-61	4.64597571568983736e-19	0x1.61480703e5246p-4	8.62503313094943047e-02	5.386618e-18	1.716512e-18
204	5	-0x1.41b841d71c32ap-26	-0x1.7fdab227cc116p+4	-0x1.41b841f6600c4p-26	-0x1.41b841f6600c4p-26	-0x1.f43d9a0000000p-54	-1.08472395801590288e-16	0x1.dc1944a8455eep+1	3.71952112404209512e+00	2.916300e-17	1.090822e-16
205	7	-0x1.f875c2cec54efp-21	-0x1.7fd9907eb9618p+4	-0x1.f875c2cc50181p-21	-0x1.f875c2cc50181p-21	0x1.3a9b700000000p-52	2.72878228463314075e-16	0x1.172abf7a5cc1bp+3	8.72396825693981803e+00	3.127914e-17	5.582063e-16
206	6	0x1.f6da11bdee22bp-17	0x1.6def223e8c808p+0	0x1.f6da11bdee0cfp-17	0x1.f6da11bdee0cfp-17	-0x1.5c00000000000p-61	-5.89534931288993036e-19	0x1.10f9fcc080053p-3	1.33289312958370404e-01	4.422972e-18	5.742883e-19
207	9	0x1.bc00a9ace568bp-16	0x1.35cc150c8e010p+0	0x1.bc00a9ace45aap-16	0x1.bc00a9ace45aap-16	-0x1.0e10000000000p-56	-1.46401174603433271e-17	0x1.9db962a4cce88p-3	2.02013750700292372e-01	7.247090e-17	7.074419e-18
208	10	-0x1.d2f91d0470a68p-18	0x1.6f7b231599777p+0	-0x1.d2f91d0473ae7p-18	-0x1.d2f91d0473ae7p-18	-0x1.83f8000000000p-57	-1.05159140401621387e-17	0x1.34148a76471a4p-3	1.50429803595114042e-01	6.990579e-17	2.746081e-18
209	9	-0x1.a11e3d1df6456p-7	0x1.5573bb3bc228dp-2	-0x1.a11e3d1df6458p-7	-0x1.a11e3d1df6458p-7	-0x1.0000000000000p-58	-3.46944695195361419e-18	0x1.f6386e4a4b298p-5	6.13062051873828895e-02	5.659210e-17	0.000000e+00
210	8	0x1.bc44d42555428p-34	-0x1.a8d768db2daaep-8	0x1.bc44d42f159f7p-34	0x1.bc44d42f159f7p-34	0x1.380b9e0000000p-63	1.32156358796215640e-19	0x1.6b2080a2c4570p-7	1.10817554573567623e-02	1.192558e-17	3.200454e-19
211	5	0x1.a188b64e4bf23p-7	0x1.f9bb1da0c9282p-1	0x1.a188b64e4bf22p-7	0x1.a188b64e4bf22p-7	-0x1.0000000000000p-59	-1.73472347597680709e-18	0x1.5653bc5d66a9dp-4	8.35759504320016805e-02	2.075625e-17	0.000000e+00
212	8	-0x1.34b82163d7100p-46	0x1.35cc150c8a9bap+0	-0x1.34c36dff3fd75p-46	-0x1.34c36dff3fd75p-46	-0x1.69936d18ea000p-59	-2.45013348967042456e-18	0x1.c29d35e48b6aap-4	1.10013208883823183e-01	2.227127e-17	5.280296e-18
213	6	0x1.079406337e214p-15	0x1.6f5681659f824p+0	0x1.079406337e2b0p-15	0x1.079406337e2b0p-15	0x1.3800000000000p-60	1.05709711817336682e-18	0x1.954bf8a96579cp-5	4.94747025178831901e-02	2.136642e-17	9.351244e-19
214	10	0x1.15a7b924658cbp-15	0x1.fee1b01f22e51p-6	0x1.15a7b9246960bp-15	0x1.15a7b9246960bp-15	0x1.ea00000000000p-54	1.06251812903579435e-16	0x1.b3ce34bd1bb88p-5	5.31989126255814626e-02	1.997255e-15	2.127747e-18
215	10	0x1.4a04fbcc1bae0p-5	0x1.708cf21da83bbp+0	0x1.4a04fbcc1badap-5	0x1.4a04fbcc1badap-5	-0x1.8000000000000p-55	-4.16333634234433703e-17	0x1.de8feafff70d7p-2	4.67345878479830501e-01	8.908469e-17	6.938894e-18
216	9	-0x1.d0f70a625c545p-4	0x1.0b8b7d9bde97ep-1	-0x1.d0f70a625c546p-4	-0x1.d0f70a625c546p-4	-0x1.0000000000000p-56	-1.38777878078144568e-17	0x1.f8f3e4964fe76p-2	4.93117877649616232e-01	2.814294e-17	1.387779e-17
217	8	0x1.b6bca5ba576b4p-22	-0x1.99eb84b5ff12cp-8	0x1.b6bca5ba56732p-22	0x1.b6bca5ba56732p-22	-0x1.f040000000000p-63	-2.10170050037473272e-19	0x1.08a241563a406p-7	8.07598295473789182e-03	2.602408e-17	1.049262e-19
218	5	0x1.d0167f9e4bfaap-4	-0x1.4c1a1eda94edap-2	0x1.d0167f9e4bfa9p-4	0x1.d0167f9e4bfa9p-4	-0x1.0000000000000p-56	-1.38777878078144568e-17	0x1.a2d94bb881872p-2	4.09032042633390991e-01	3.392836e-17	1.387779e-17
219	8	-0x1.b7409c970ec08p-22	0x1.fed617125a21ep-6	-0x1.b7409c970fc88p-22	-0x1.b7409c970fc88p-22	-0x1.0800000000000p-62	-2.23616698075135290e-19	0x1.16aad24d4fbd1p-7	8.50425022747272781e-03	2.629470e-17	4.767737e-19
220	6	-0x1.40818bdfe6f6dp-5	0x1.7f329aa2e1f09p+0	-0x1.40818bdfe6f6cp-5	-0x1.40818bdfe6f6cp-5	0x1.0000000000000p-57	6.93889390390722838e-18	0x1.ca9823a67af7dp-3	2.23922995107724093e-01	3.098786e-17	0.000000e+00
221	10	0x1.15a7b9246644cp-15	0x1.fee1b01f112b0p-6	0x1.15a7b9246690bp-15	0x1.15a7b9246690bp-15	0x1.2fc0000000000p-57	8.23316024731179930e-18	0x1.b3ce34bd184b7p-5	5.31989126254840891e-02	1.547618e-16	1.124860e-18
222	11	0x1.4a04fbcc1b453p-5	0x1.708cf21da83bap+0	0x1.4a04fbcc1b454p-5	0x1.4a04fbcc1b454p-5	0x1.0000000000000p-57	6.93889390390722838e-18	0x1.de8feafff7041p-2	4.67345878479822174e-01	1.484745e-17	0.000000e+00
223	10	-0x1.d0f70a625c294p-4	0x1.0b8b7d9bde8f0p-1	-0x1.d0f70a625c28cp-4	-0x1.d0f70a625c28cp-4	0x1.0000000000000p-53	1.11022302462515654e-16	0x1.f8f3e4964fb9ap-2	4.93117877649575598e-01	2.251435e-16	2.775558e-17
224	9	0x1.b6bca5ba54eacp-22	-0x1.99eb84b5ff145p-8	0x1.b6bca5ba53519p-22	0x1.b6bca5ba53519p-22	-0x1.9930000000000p-62	-3.46595294104619020e-19	0x1.08a241563a51cp-7	8.07598295473837408e-03	4.291679e-17	4.336809e-19
225	5	0x1.d0167f9e4bcffp-4	-0x1.4c1a1eda95f88p-2	0x1.d0167f9e4bcfep-4	0x1.d0167f9e4bcfep-4	-0x1.0000000000000p-56	-1.38777878078144568e-17	0x1.a2d94bb8815e5p-2	4.09032042633354742e-01	3.392836e-17	1.387779e-17
226	7	-0x1.b7409c970c3fap-22	0x1.fed6171248680p-6	-0x1.b7409c970b536p-22	-0x1.b7409c970b536p-22	0x1.d880000000000p-63	2.00111533788828455e-19	0x1.16aad24d4611dp-7	8.50425022740402582e-03	2.353077e-17	1.801004e-19
227	6	-0x1.40818bdfe690cp-5	0x1.7f329aa2e1ee8p+0	-0x1.40818bdfe690fp-5	-0x1.40818bdfe690fp-5	-0x1.8000000000000p-56	-2.08166817117216851e-17	0x1.ca9823a67ad37p-3	2.23922995107707939e-01	9.296357e-17	6.938894e-18
228	7	0x1.b74e735a6ede9p-15	0x1.48b12aa024bd6p+0	0x1.b74e735a6e2aap-15	0x1.b74e735a6e2aap-15	-0x1.67e0000000000p-56	-1.95088628411610454e-17	0x1.ae8a7e936fd62p-3	2.10225094675460744e-01	9.279988e-17	1.253609e-18
229	10	-0x1.4601a15b21946p-10	0x1.37e54fb171a7dp+1	-0x1.4601a15b218efp-10	-0x1.4601a15b218efp-10	0x1.5c00000000000p-56	1.88651178012477772e-17	0x1.0676f4eee5b4ap-2	2.56313159066327345e-01	7.360183e-17	1.127570e-17
230	6	-0x1.e00f2adaad7aep-6	0x1.d35c17bcaa333p-1	-0x1.e00f2adaad7aep-6	-0x1.e00f2adaad7aep-6	0x0.0p+0	0.00000000000000000e+00	0x1.aabcaf17144a9p-3	2.08367698566268161e-01	0.000000e+00	3.469447e-18
231	8	-0x1.a0c8a4e77bf62p-20	-0x1.e7095af6f334ap-8	-0x1.a0c8a4e77c07ep-20	-0x1.a0c8a4e77c07ep-20	-0x1.1c00000000000p-64	-6.01393392550553241e-20	0x1.c3690de06d0bap-8	6.88797558580150383e-03	8.731062e-18	3.790472e-20
232	9	0x1.e4ff179501f75p-6	0x1.c7a9e1c0a07d1p-3	0x1.e4ff179501f72p-6	0x1.e4ff179501f72p-6	-0x1.8000000000000p-57	-1.04083408558608426e-17	0x1.6deb5ddf05418p-3	1.78671582573458165e-01	5.825404e-17	3.469447e-18
233	8	0x1.96af4808e6389p-20	0x1.48b499d196531p+0	0x1.96af4808f22e2p-20	0x1.96af4808f22e2p-20	0x1.7eb2000000000p-57	1.03729772303129755e-17	0x1.de1e1c10ac8cbp-4	1.16727933530259495e-01	8.886457e-17	3.181668e-18
234	9	0x1.8486324141860p-10	0x1.33dbb2925ea48p+1	0x1.848632414184ap-10	0x1.848632414184ap-10	-0x1.6000000000000p-58	-4.77048955893621951e-18	0x1.1bbd7ac63fa4bp-3	1.38544997382228224e-01	3.443278e-17	2.602085e-18
235	7	0x1.b74e735c52918p-15	0x1.48b12aa024cbdp+0	0x1.b74e735c52d18p-15	0x1.b74e735c52d18p-15	0x1.0000000000000p-57	6.93889390390722838e-18	0x1.ae8a7e9370aedp-3	2.10225094675556973e-01	3.300697e-17	2.175181e-18
236	10	-0x1.4601a15b1fe75p-10	0x1.37e54fb171775p+1	-0x1.4601a15b1feaep-10	-0x1.4601a15b1feaep-10	-0x1.c800000000000p-57	-1.23599047663347505e-17	0x1.0676f4eee582ep-2	2.56313159066283158e-01	4.822189e-17	1.214306e-17
237	7	-0x1.e00f2adaacba5p-6	0x1.d35c17bca97a0p-1	-0x1.e00f2adaacba6p-6	-0x1.e00f2adaacba6p-6	-0x1.0000000000000p-58	-3.46944695195361419e-18	0x1.aabcaf17134f1p-3	2.08367698566156473e-01	1.665060e-17	1.040834e-17
238	8	-0x1.a0c8a4e77c72ep-20	-0x1.e7095af6f2913p-8	-0x1.a0c8a4e77c856p-20	-0x1.a0c8a4e77c856p-20	-0x1.2800000000000p-64	-6.26804380968182251e-20	0x1.c3690de06c743p-8	6.88797558579940222e-03	9.099980e-18	2.795209e-20
239	8	0x1.e4ff179500470p-6	0x1.c7a9e1c0ac497p-3	0x1.e4ff179500470p-6	0x1.e4ff179500470p-6	0x0.0p+0	0.00000000000000000e+00	0x1.6deb5ddf043e0p-3	1.78671582573342924e-01	0.000000e+00	3.469447e-18
240	8	0x1.96af4808e36cbp-20	0x1.48b499d196616p+0	0x1.96af4808d6a4fp-20	0x1.96af4808d6a4fp-20	-0x1.98f8000000000p-57	-1.10851201807170285e-17	0x1.de1e1c10aca1ap-4	1.16727933530264144e-01	9.496545e-17	3.815248e-18
241	8	0x1.848632413fc9cp-10	0x1.33dbb2925e736p+1	0x1.848632413fc60p-10	0x1.848632413fc60p-10	-0x1.e000000000000p-57	-1.30104260698260532e-17	0x1.1bbd7ac63f656p-3	1.38544997382200108e-01	9.390758e-17	8.673617e-19
242	10	-0x1.dd90e96785034p-7	-0x1.f2c5c669095cfp-1	-0x1.dd90e96785033p-7	-0x1.dd90e96785033p-7	0x1.0000000000000p-59	1.73472347597680709e-18	0x1.4a85d8818f00cp-3	1.61388102964224678e-01	1.074877e-17	0.000000e+00
243	10	-0x1.bb3c292a8756fp-13	-0x1.4ac0a009a2a19p-6	-0x1.bb3c292a87571p-13	-0x1.bb3c292a87571p-13	-0x1.0000000000000p-64	-5.42101086242752217e-20	0x1.e0d9e0bc3fd9ap-9	3.66860264159614164e-03	1.477677e-17	0.000000e+00
244	9	0x1.5f62f5b1290f9p-7	0x1.045e66173f862p+8	0x1.5f62f5b128c74p-7	0x1.5f62f5b128c74p-7	-0x1.2140000000000p-49	-2.00707506170516581e-15	0x1.6a9cfd92db17ap+4	2.26633277641826467e+01	8.856047e-17	2.532696e-16
245	9	0x1.9d443e381e071p-14	0x1.d330fb9dc136cp-10	0x1.9d443e381e076p-14	0x1.9d443e381e076p-14	0x1.4000000000000p-64	6.77626357803440271e-20	0x1.0538c08d1eff1p-9	1.99296331862618874e-03	3.400094e-17	2.710505e-20
246	5	0x1.8965178236cbep-7	-0x1.051918b283360p+5	0x1.8965178236cbdp-7	0x1.8965178236cbdp-7	-0x1.0000000000000p-59	-1.73472347597680709e-18	0x1.7a7f7dba88b5cp-5	4.62033706319490978e-02	3.754539e-17	1.734723e-18
247	7	-0x1.9d548a6f8d262p-14	-0x1.f301091ac1c90p-1	-0x1.9d548a6f8d0d4p-14	-0x1.9d548a6f8d0d4p-14	0x1.8e00000000000p-58	5.39390580811538456e-18	0x1.6c53df2fa2f6ap-4	8.89471739012016871e-02	6.064168e-17	5.502326e-18
248	6	-0x1.e6b8974af455ap-18	0x1.01a1b2a7de471p-3	-0x1.e6b8974af461bp-18	-0x1.e6b8974af461bp-18	-0x1.8200000000000p-63	-1.63477358820079965e-19	0x1.61fc5ae940206p-9	2.70069703822195788e-03	6.053154e-17	5.929231e-21
249	10	0x1.4535464237048p-10	-0x1.7e1827508ba90p-2	0x1.4535464237038p-10	0x1.4535464237038p-10	-0x1.0000000000000p-58	-3.46944695195361419e-18	0x1.fbbba0827ab56p-5	6.19791159586699364e-02	5.597768e-17	8.673617e-19
250	10	0x1.05b1ad9d020ffp-10	0x1.1b99b8d6d9e5dp+0	0x1.05b1ad9d020cap-10	0x1.05b1ad9d020cap-10	-0x1.a800000000000p-57	-1.14925430283463470e-17	0x1.b1bd87250e2b7p-3	2.11787277048434780e-01	5.426456e-17	2.168404e-19
251	9	-0x1.b7827e5b74b13p-10	0x1.03ec63febdf1cp+8	-0x1.b7827e5b73869p-10	-0x1.b7827e5b73869p-10	0x1.2aa0000000000p-50	1.03606359602714804e-15	0x1.4cd88a2eb4df9p+4	2.08028661560510706e+01	4.980389e-17	3.551846e-16
252	9	0x1.b143a3b1ea41fp-22	-0x1.c0f61207caaaap-8	0x1.b143a3b1e6715p-22	0x1.b143a3b1e6715p-22	-0x1.e850000000000p-61	-8.27233552112231069e-19	0x1.183a20fa212afp-7	8.55185136993816090e-03	9.673152e-17	7.296659e-19
253	5	-0x1.a7b79b4458fe8p-11	-0x1.1b700a84c62cfp-1	-0x1.a7b79b4458feep-11	-0x1.a7b79b4458feep-11	-0x1.8000000000000p-61	-6.50521303491302660e-19	0x1.166fe3370d6cbp-6	1.69944495102843200e-02	3.827846e-17	1.084202e-19
254	7	-0x1.b182a163cc6cfp-22	-0x1.7e12dc77f9566p-2	-0x1.b182a163d500ep-22	-0x1.b182a163d500ep-22	-0x1.127e000000000p-59	-1.86003141261124015e-18	0x1.15e4bddb0c17bp-5	3.39225490682819250e-02	5.483171e-17	2.320923e-18
255	6	0x1.7ffaad87c44ebp-15	-0x1.3bd23999a3f3ep+2	0x1.7ffaad87c4854p-15	0x1.7ffaad87c4854p-15	0x1.b480000000000p-58	5.91567810362403357e-18	0x1.1e6e2c301eec2p-3	1.39858575075654967e-01	4.229757e-17	2.730834e-18
256	10	-0x1.606f9f515ab67p-13	0x1.3795d60024fc7p+1	-0x1.606f9f515afb3p-13	-0x1.606f9f515afb3p-13	-0x1.1300000000000p-55	-2.98155597433513719e-17	0x1.96c82f111f32ep-2	3.97248015804325116e-01	7.505528e-17	1.249543e-17
257	12	-0x1.d3a1185cc779cp-19	0x1.a94e7b69eb490p-2	-0x1.d3a1185cc84e2p-19	-0x1.d3a1185cc84e2p-19	-0x1.a8c0000000000p-60	-1.43910897738505628e-18	0x1.f273d5a84b2b3p-6	3.04231249330537239e-02	4.730313e-17	2.892618e-19
258	7	0x1.53fb660f66485p-11	-0x1.3e28df27e824ap-1	0x1.53fb660f66484p-11	0x1.53fb660f66484p-11	-0x1.0000000000000p-63	-1.08420217248550443e-19	0x1.c5606dd38fef2p-5	5.53438324973266754e-02	1.959030e-18	8.673617e-19
259	8	-0x1.9edfa6e145762p-20	-0x1.c9dd83c2b5849p-8	-0x1.9edfa6e144a53p-20	-0x1.9edfa6e144a53p-20	0x1.a1e0000000000p-61	7.07907785667781508e-19	0x1.a873a423c4520p-8	6.47661931340451358e-03	1.093021e-16	3.811648e-21
260	5	0x1.924e16f56414cp-17	0x1.37af6c6a1a880p+1	0x1.924e16f564653p-17	0x1.924e16f564653p-17	0x1.41c0000000000p-59	2.18026280623256907e-18	0x1.7d38a48955fc4p-4	9.30715968328277854e-02	2.342565e-17	4.031877e-19
261	8	0x1.9ea4da0da0f77p-20	0x1.3796bd4e1843fp+1	0x1.9ea4da0d97587p-20	0x1.9ea4da0d97587p-20	-0x1.33e0000000000p-57	-8.34496859634936694e-18	0x1.c538a75f45b41p-3	2.21299464793185435e-01	3.770894e-17	2.645072e-18
262	6	-0x1.ef6363251a3f4p-28	0x1.a94167ec0cee0p-2	-0x1.ef636324c62b7p-28	-0x1.ef636324c62b7p-28	0x1.504f400000000p-62	2.84865286531624224e-19	0x1.4d3b88254a8e5p-7	1.01694502614759295e-02	2.801187e-17	4.394976e-20
263	11	-0x1.606f9f515a8c2p-13	0x1.3795d600252c5p+1	-0x1.606f9f515a779p-13	-0x1.606f9f515a779p-13	0x1.4900000000000p-57	8.91756286869327397e-18	0x1.96c82f111f70dp-2	3.97248015804380128e-01	2.244835e-17	2.954451e-18
264	12	-0x1.d3a1185cb6a49p-19	0x1.a94e7b69ea1a4p-2	-0x1.d3a1185cb7220p-19	-0x1.d3a1185cb7220p-19	-0x1.f5c0000000000p-61	-8.49997562569690390e-19	0x1.f273d5a84a469p-6	3.04231249330410326e-02	2.793919e-17	1.770299e-19
265	7	0x1.53fb660f66739p-11	-0x1.3e28df27e823fp-1	0x1.53fb660f66747p-11	0x1.53fb660f66747p-11	0x1.c000000000000p-60	1.51788304147970621e-18	0x1.c5606dd38fefbp-5	5.53438324973267379e-02	2.742642e-17	6.505213e-19
266	9	-0x1.9edfa6e145762p-20	-0x1.c9dd83c2b5834p-8	-0x1.9edfa6e144b29p-20	-0x1.9edfa6e144b29p-20	0x1.8720000000000p-61	6.62591522989676440e-19	0x1.a873a423c450cp-8	6.47661931340449623e-03	1.023052e-16	3.811648e-21
267	5	0x1.924e16f565dc0p-17	0x1.37af6c6a1ab7ep+1	0x1.924e16f565ffap-17	0x1.924e16f565ffap-17	0x1.1d00000000000p-60	9.65617559869902387e-19	0x1.7d38a48956355p-4	9.30715968328404558e-02	1.037500e-17	4.590919e-19
268	7	0x1.9ea4da0da0f77p-20	0x1.3796bd4e1873cp+1	0x1.9ea4da0d8765dp-20	0x1.9ea4da0d8765dp-20	-0x1.991a000000000p-56	-2.21774401414857186e-17	0x1.c538a75f45f9bp-3	2.21299464793216355e-01	1.002146e-16	3.662994e-18
269	6	-0x1.ef636327599bcp-28	0x1.a94167ec0bc0ap-2	-0x1.ef63632649da6p-28	-0x1.ef63632649da6p-28	0x1.0fc1600000000p-60	9.20743011638900635e-19	0x1.4d3b88254a9f7p-7	1.01694502614764048e-02	9.054010e-17	6.960030e-19
270	11	0x1.e1b187d7bed93p-18	0x1.3b6baf208f5a2p+1	0x1.e1b187d7abe4cp-18	0x1.e1b187d7abe4cp-18	-0x1.2f47000000000p-54	-6.57627909918766240e-17	0x1.a7895b0c806e1p-2	4.13609907758752782e-01	1.589971e-16	7.728329e-18
271	11	-0x1.8f7f988cdad20p-12	0x1.c9fd4c7fe3968p-2	-0x1.8f7f988cdad5ep-12	-0x1.8f7f988cdad5ep-12	-0x1.f000000000000p-59	-3.36102673470506375e-18	0x1.591c207acc328p-4	8.42553395020898543e-02	3.989096e-17	8.131516e-19
272	7	-0x1.29b91a02d6e0fp-3	-0x1.467638d43357ap-2	-0x1.29b91a02d6e0fp-3	-0x1.29b91a02d6e0fp-3	0x0.0p+0	0.00000000000000000e+00	0x1.40038f2628140p-2	3.12513577178851421e-01	0.000000e+00	0.000000e+00
273	8	-0x1.f8d70a9f5ab8dp-36	-0x1.a8d7973bf7667p-8	-0x1.f8d709afc6958p-36	-0x1.f8d709afc6958p-36	0x1.df2846a000000p-61	8.11724086879097992e-19	0x1.aa4821c6dac18p-7	1.30090870786343932e-02	6.239670e-17	1.991089e-19
274	5	0x1.28e25bb730f79p-3	0x1.3adfe878102cdp+1	0x1.28e25bb730f79p-3	0x1.28e25bb730f79p-3	0x0.0p+0	0.00000000000000000e+00	0x1.89eaf3d793e4ep-2	3.84685335190600664e-01	0.000000e+00	0.000000e+00
275	8	-0x1.f80be39e08bb7p-48	0x1.3b6baf2057079p+1	-0x1.f6f486064ce02p-48	-0x1.f6f486064ce02p-48	0x1.175d97bbdb500p-56	1.51444393334666458e-17	0x1.cacb2d46a9d5cp-3	2.24020341605163931e-01	6.760297e-17	9.241340e-18
276	6	0x1.9b1c2fa70b0d5p-11	0x1.cba12ccb3c166p-2	0x1.9b1c2fa70b0f4p-11	0x1.9b1c2fa70b0f4p-11	0x1.f000000000000p-59	3.36102673470506375e-18	0x1.a091935f9c27bp-5	5.08506658924305563e-02	6.609602e-17	1.084202e-19
277	10	0x1.e1b187d777e4cp-18	0x1.3b6baf208f778p+1	0x1.e1b187d7738ccp-18	0x1.e1b187d7738ccp-18	-0x1.1600000000000p-56	-1.50704101975485116e-17	0x1.a7895b0c80ac1p-2	4.13609907758807849e-01	3.643629e-17	1.224979e-17
278	12	-0x1.8f7f988cf65c9p-12	0x1.c9fd4c7fe3043p-2	-0x1.8f7f988cf6597p-12	-0x1.8f7f988cf6597p-12	0x1.9000000000000p-59	2.71050543121376109e-18	0x1.591c207acc6ecp-4	8.42553395021032325e-02	3.217013e-17	1.572093e-18
279	7	-0x1.29b91a02d7ba8p-3	-0x1.467638d4341e2p-2	-0x1.29b91a02d7ba8p-3	-0x1.29b91a02d7ba8p-3	0x0.0p+0	0.00000000000000000e+00	0x1.40038f2628edap-2	3.12513577179044710e-01	0.000000e+00	0.000000e+00
280	8	-0x1.f8d70a9f5af2fp-36	-0x1.a8d7973bf7667p-8	-0x1.f8d70aafc2d98p-36	-0x1.f8d70aafc2d98p-36	-0x1.067e690000000p-64	-5.55852220756364711e-20	0x1.aa4821c6dac1bp-7	1.30090870786343984e-02	4.272800e-18	6.682485e-19
281	5	0x1.28e25bb731cfcp-3	0x1.3adfe87810556p+1	0x1.28e25bb731cfcp-3	0x1.28e25bb731cfcp-3	0x0.0p+0	0.00000000000000000e+00	0x1.89eaf3d794dccp-2	3.84685335190820821e-01	0.000000e+00	2.775558e-17
282	8	-0x1.f80be39e08be9p-48	0x1.3b6baf205724fp+1	-0x1.f7f4860624ca2p-48	-0x1.f7f4860624ca2p-48	0x1.75d97e3f47000p-60	1.26665165521628188e-18	0x1.cacb2d46aa007p-3	2.24020341605182888e-01	5.654181e-18	4.636448e-18
283	6	0x1.9b1c2fa71ab47p-11	0x1.cba12ccb3b8a8p-2	0x1.9b1c2fa71ab5cp-11	0x1.9b1c2fa71ab5cp-11	0x1.5000000000000p-59	2.27682456221955931e-18	0x1.a091935f9d0c8p-5	5.08506658924559596e-02	4.477472e-17	2.493665e-18
284	1	0x0.0p+0	-0x1.12de349970000p-25	0x0.0p+0	0x0.0p+0	0x0.0p+0	0.00000000000000000e+00	0x0.0p+0	0.00000000000000000e+00	0.000000e+00	0.000000e+00
285	1	0x1.3333333333333p+0	-0x1.4401086400000p-30	0x1.3333333333333p+0	0x1.3333333333333p+0	0x0.0p+0	0.00000000000000000e+00	0x1.3333333333333p+1	2.39999999999999991e+00	0.000000e+00	0.000000e+00
286	1	0x0.0p+0	0x1.7559319e04bc5p-4	0x0.0p+0	0x0.0p+0	0x0.0p+0	0.00000000000000000e+00	0x0.0p+0	0.00000000000000000e+00	0.000000e+00	0.000000e+00
287	1	0x1.4000000000000p+1	-0x1.755928b61223ep-4	0x1.4000000000000p+1	0x1.4000000000000p+1	0x0.0p+0	0.00000000000000000e+00	0x1.4000000000000p+2	5.00000000000000000e+00	0.000000e+00	0.000000e+00
288	6	0x0.0p+0	0x0.0p+0	0x0.0p+0	0x0.0p+0	0x0.0p+0	0.00000000000000000e+00	0x0.0p+0	0.00000000000000000e+00	0.000000e+00	0.000000e+00
289	5	0x0.0p+0	-0x1.804f18c909b9ap+4	0x0.0p+0	0x0.0p+0	0x0.0p+0	0.00000000000000000e+00	0x1.258dfe84c50e8p-1	5.73348954875226191e-01	0.000000e+00	0.000000e+00
290	5	0x1.79b26ac6063b5p+4	0x1.01c9e17dd7000p+1	0x1.79b26ac6063b5p+4	0x1.79b26ac6063b5p+4	0x0.0p+0	0.00000000000000000e+00	0x1.da24302594e76p+5	5.92676699577395283e+01	0.000000e+00	0.000000e+00
291	6	0x1.8000000000000p-56	0x1.2381ee065af87p+2	-0x1.0000000000000p-56	-0x1.0000000000000p-56	-0x1.4000000000000p-55	-3.46944695195361419e-17	0x1.627921702d158p-2	3.46165201636968956e-01	1.002252e-16	1.337134e-18
292	3	-0x1.f2a764c02eb70p-50	0x1.2381ee065a4a7p+2	-0x1.f274e953fe4e0p-50	-0x1.f274e953fe4e0p-50	0x1.93db618348000p-61	6.84160296567409430e-19	0x1.2a80f3bcc8592p-5	3.64384422775955313e-02	1.877578e-17	2.919025e-18
293	5	0x1.28f3823f3810ep-1	0x1.52e503562e4b8p+4	0x1.28f3823f3810ep-1	0x1.28f3823f3810ep-1	0x0.0p+0	0.00000000000000000e+00	0x1.324789dd1e4e2p+0	1.19640409134290637e+00	0.000000e+00	0.000000e+00
294	1	0x0.0p+0	0x0.0p+0	0x0.0p+0	0x0.0p+0	0x0.0p+0	0.00000000000000000e+00	0x0.0p+0	0.00000000000000000e+00	0.000000e+00	0.000000e+00
295	6	0x0.0p+0	0x0.0p+0	0x0.0p+0	0x0.0p+0	0x0.0p+0	0.00000000000000000e+00	0x0.0p+0	0.00000000000000000e+00	0.000000e+00	0.000000e+00
296	6	0x0.0p+0	-0x1.804f18c909b9ap+4	0x0.0p+0	0x0.0p+0	0x0.0p+0	0.00000000000000000e+00	0x1.258dfe84c50e8p-1	5.73348954875226191e-01	0.000000e+00	0.000000e+00
297	5	0x1.50f9709880000p-59	0x1.3fffffffa7e5dp+1	0x1.3c6c98e180000p-58	0x1.3c6c98e180000p-58	0x1.27dfc12a80000p-59	2.00492048926921835e-18	0x1.9999999a88ac3p-5	5.00000000067948522e-02	4.009841e-17	6.906842e-20
298	6	0x1.79db22d0c0000p-57	0x1.3fffffffe286ap+1	0x1.0000000000000p-57	0x1.0000000000000p-57	-0x1.e76c8b4300000p-59	-3.30291349802396499e-18	0x1.851eb851c7adfp-3	1.89999999995925400e-01	1.738376e-17	3.490264e-18
299	3	0x1.0508f285d6925p-80	0x1.3fffffffe286ap+1	-0x1.3c80e8f768000p-60	-0x1.3c80e8f768000p-60	-0x1.3c80f947f7286p-60	-1.07235659875553596e-18	0x1.47ae147ac7589p-6	1.99999999996314549e-02	5.361783e-17	8.673611e-19
300	5	-0x1.81b4d88d43520p-50	0x1.3fffffffe1b9dp+1	-0x1.81bddbfda1d8cp-50	-0x1.81bddbfda1d8cp-50	-0x1.206e0bd0d8000p-63	-1.22154800497172236e-19	0x1.47ae147ac3f27p-6	1.99999999995831533e-02	6.107740e-18	1.769416e-19
301	1	0x0.0p+0	0x0.0p+0	0x0.0p+0	0x0.0p+0	0x0.0p+0	0.00000000000000000e+00	0x0.0p+0	0.00000000000000000e+00	0.000000e+00	0.000000e+00
302	6	0x0.0p+0	0x0.0p+0	0x0.0p+0	0x0.0p+0	0x0.0p+0	0.00000000000000000e+00	0x0.0p+0	0.00000000000000000e+00	0.000000e+00	0.000000e+00
303	5	0x0.0p+0	-0x1.7fdda027c2ec8p+4	0x0.0p+0	0x0.0p+0	0x0.0p+0	0.00000000000000000e+00	0x1.253751b405ea0p-1	5.72687676644779486e-01	0.000000e+00	0.000000e+00
304	5	0x1.780843c8dcdfdp+4	0x1.0332a0cce1b00p+1	0x1.780843c8dcdfcp+4	0x1.780843c8dcdfcp+4	-0x1.0000000000000p-48	-3.55271367880050093e-15	0x1.d82e99a7212c6p+5	5.90227540070532513e+01	6.019227e-17	0.000000e+00
305	6	0x1.0000000000000p-55	0x1.23559bf2030abp+2	-0x1.4000000000000p-56	-0x1.4000000000000p-56	-0x1.a000000000000p-55	-4.51028103753969845e-17	0x1.62433c9b05bf4p-2	3.45959612809962680e-01	1.303702e-16	1.207385e-17
306	3	-0x1.f2e3a98eb4e90p-50	0x1.23559bf2025cdp+2	-0x1.f39c6c8369c30p-50	-0x1.f39c6c8369c30p-50	-0x1.7185e969b4000p-59	-2.50398587531021308e-18	0x1.2a53915a207c4p-5	3.64168013484369724e-02	6.875908e-17	8.627403e-19
307	5	0x1.26a03e78088aap-1	0x1.52161922401b5p+4	0x1.26a03e78088aap-1	0x1.26a03e78088aap-1	0x0.0p+0	0.00000000000000000e+00	0x1.2ff2db02d988fp+0	1.18729943103383895e+00	0.000000e+00	0.000000e+00
308	1	0x0.0p+0	0x0.0p+0	0x0.0p+0	0x0.0p+0	0x0.0p+0	0.00000000000000000e+00	0x0.0p+0	0.00000000000000000e+00	0.000000e+00	0.000000e+00
309	6	0x0.0p+0	0x0.0p+0	0x0.0p+0	0x0.0p+0	0x0.0p+0	0.00000000000000000e+00	0x0.0p+0	0.00000000000000000e+00	0.000000e+00	0.000000e+00
310	6	0x0.0p+0	-0x1.7fdda027c2ec8p+4	0x0.0p+0	0x0.0p+0	0x0.0p+0	0.00000000000000000e+00	0x1.253751b405ea0p-1	5.72687676644779486e-01	0.000000e+00	0.000000e+00
311	5	0x1.e4b3afdc00000p-61	0x1.3fffffffa812fp+1	-0x1.13cde4e600000p-59	-0x1.13cde4e600000p-59	-0x1.8cfad0dd00000p-59	-2.69003941775916322e-18	0x1.9999999a88e61p-5	5.00000000068012776e-02	5.380079e-17	4.854027e-19
312	6	0x1.ee147ae130000p-56	0x1.3fffffffe295dp+1	0x1.c000000000000p-56	0x1.c000000000000p-56	-0x1.70a3d70980000p-59	-2.49800180510771860e-18	0x1.851eb851c7c06p-3	1.89999999995933588e-01	1.314738e-17	1.366962e-18
313	3	0x1.06653c1b10424p-80	0x1.3fffffffe295dp+1	0x1.86fe28bfa0000p-61	0x1.86fe28bfa0000p-61	0x1.86fe07f2f87cap-61	6.62366735342587180e-19	0x1.47ae147ac7682p-6	1.99999999996323188e-02	3.311834e-17	8.673624e-19
314	5	-0x1.82cac09276770p-50	0x1.3fffffffe1c95p+1	-0x1.823c12c9393dcp-50	-0x1.823c12c9393dcp-50	0x1.1d5b927a72800p-59	1.93365901518579501e-18	0x1.47ae147ac4021p-6	1.99999999995840207e-02	9.668295e-17	1.349615e-18
315	1	0x0.0p+0	0x0.0p+0	0x0.0p+0	0x0.0p+0	0x0.0p+0	0.00000000000000000e+00	0x0.0p+0	0.00000000000000000e+00	0.000000e+00	0.000000e+00
316	5	-0x1.746a3a9800000p-27	-0x1.df6d092d2e3f9p-12	-0x1.746a3a9800251p-27	-0x1.746a3a9800251p-27	-0x1.2880000000000p-70	-9.81036206487890822e-22	0x1.62369247f720bp-13	1.68902001177154447e-04	5.808316e-18	5.826660e-21
317	5	0x1.746a3a9800000p-27	-0x1.96e4733c8e1aep-14	0x1.746a3a9802251p-27	0x1.746a3a9802251p-27	0x1.1288000000000p-66	1.45335633625566962e-20	0x1.62369247f720ap-13	1.68902001177154420e-04	8.604731e-17	5.826660e-21
318	5	0x1.8000000000000p-60	-0x1.17030d30d678fp-14	0x1.9c00000000000p-60	0x1.9c00000000000p-60	0x1.c000000000000p-64	9.48676900924816380e-20	0x1.8e808f136b463p-11	7.60082594231225781e-04	1.248123e-16	2.687440e-20
319	4	0x0.0p+0	0x1.17030d30d678ep-14	0x0.0p+0	0x0.0p+0	0x0.0p+0	0.00000000000000000e+00	0x1.17030d30d678ep-13	1.33043251049621799e-04	0.000000e+00	1.318209e-21
320	5	0x1.464aa2d000000p-44	-0x1.7949e4f227facp-13	0x1.464aa2bf603d8p-44	0x1.464aa2bf603d8p-44	-0x1.09fc280000000p-72	-2.20017623113013562e-22	0x1.519744ad3ad48p-19	2.51524814719674916e-06	8.747353e-17	7.125749e-25
321	5	-0x1.464aa2d000000p-44	-0x1.48fe40cd74d4dp-16	-0x1.464aa2cf603d8p-44	-0x1.464aa2cf603d8p-44	0x1.3f85000000000p-77	8.25938629943847714e-24	0x1.519744ad3ad48p-19	2.51524814719674916e-06	3.283726e-18	7.125749e-25
322	5	0x1.8000000000000p-72	-0x1.2ccb33ef0bbb3p-20	0x1.6000000000000p-69	0x1.6000000000000p-69	0x1.3000000000000p-69	2.01170324972896331e-21	0x1.7e8c80f4e1729p-16	2.28016878796234378e-05	8.822607e-17	1.341287e-23
323	4	0x0.0p+0	0x1.2ccb33ef0bbb4p-20	0x0.0p+0	0x0.0p+0	0x0.0p+0	0.00000000000000000e+00	0x1.2ccb33ef0bbb4p-19	2.24108816084626115e-06	0.000000e+00	1.078807e-23
324	5	-0x1.dfece76e20000p-27	0x1.6a91e32a3677ep-3	-0x1.dfece76e0f7d1p-27	-0x1.dfece76e0f7d1p-27	0x1.082f000000000p-63	1.11886104015147629e-19	0x1.660e93c0d0fd2p-7	1.09270307017438652e-02	1.023939e-17	3.385650e-20
325	5	0x1.dfece76e20000p-27	0x1.345b9d6f592f3p-5	0x1.dfece76e8f7d1p-27	0x1.dfece76e8f7d1p-27	0x1.bdf4400000000p-61	7.55475633973255918e-19	0x1.660e93c0d0fd3p-7	1.09270307017438669e-02	6.913824e-17	3.385650e-20
326	5	-0x1.0000000000000p-61	0x1.19ed5cbd935e4p-8	0x1.0000000000000p-58	0x1.0000000000000p-58	0x1.2000000000000p-58	3.90312782094781596e-18	0x1.91f968b512fc0p-5	4.90691227974759947e-02	7.954346e-17	1.522105e-18
327	4	0x0.0p+0	-0x1.19ed5cbd935e5p-8	0x0.0p+0	0x0.0p+0	0x0.0p+0	0.00000000000000000e+00	0x1.19ed5cbd935e5p-7	8.60373524042308026e-03	0.000000e+00	2.869641e-19
328	5	-0x1.76f4fba6e0000p-25	0x1.225730d3b3f10p-2	-0x1.76f4fba66a293p-25	-0x1.76f4fba66a293p-25	0x1.d75b400000000p-59	3.19403551264285852e-18	0x1.ad3b58ee1d240p-5	5.23964631001132553e-02	6.095899e-17	4.906968e-19
329	5	0x1.76f4fba6e0000p-25	0x1.ed149a4035312p-5	0x1.76f4fba66a293p-25	0x1.76f4fba66a293p-25	-0x1.d75b400000000p-59	-3.19403551264285852e-18	0x1.ad3b58ee1d240p-5	5.23964631001132553e-02	6.095899e-17	4.906968e-19
330	5	0x1.4000000000000p-58	0x1.521cc18b1d28ep-6	-0x1.0000000000000p-57	-0x1.0000000000000p-57	-0x1.a000000000000p-57	-1.12757025938492461e-17	0x1.e2b59f3bf8949p-3	2.35697978990240281e-01	4.783962e-17	2.628131e-18
331	4	0x0.0p+0	-0x1.521cc18b1d28ep-6	0x0.0p+0	0x0.0p+0	0x0.0p+0	0.00000000000000000e+00	0x1.521cc18b1d28ep-5	4.12734775681303651e-02	0.000000e+00	4.473355e-19
332	5	-0x1.76f4fba6c0000p-25	0x1.225730d3b3f34p-2	-0x1.76f4fba68a28ep-25	-0x1.76f4fba68a28ep-25	0x1.aeb9000000000p-60	1.45934512389055355e-18	0x1.ad3b58ee1d276p-5	5.23964631001136300e-02	2.785198e-17	1.989469e-19
333	5	0x1.76f4fba6c0000p-25	0x1.ed149a403534fp-5	0x1.76f4fba68a28ep-25	0x1.76f4fba68a28ep-25	-0x1.aeb9000000000p-60	-1.45934512389055355e-18	0x1.ad3b58ee1d276p-5	5.23964631001136300e-02	2.785198e-17	1.989469e-19
334	5	0x1.0000000000000p-61	0x1.521cc18b1d2b8p-6	0x1.0000000000000p-56	0x1.0000000000000p-56	0x1.f000000000000p-57	1.34441069388202550e-17	0x1.e2b59f3bf8986p-3	2.35697978990241974e-01	5.703955e-17	1.164617e-17
335	4	0x1.0000000000000p-61	-0x1.521cc18b1d2b8p-6	0x0.0p+0	0x0.0p+0	-0x1.0000000000000p-61	-4.33680868994201774e-19	0x1.521cc18b1d2b8p-5	4.12734775681306565e-02	1.050750e-17	1.474268e-19
336	5	0x1.a0126c76e4000p-23	0x1.3f172e5162721p+1	0x1.a0126c76563ddp-23	0x1.a0126c76563ddp-23	-0x1.1b84600000000p-56	-1.53694922372680847e-17	0x1.7b510863dfe07p-6	2.31516439375792048e-02	6.638618e-16	9.290099e-19
337	6	-0x1.a0126c76e4000p-23	0x1.397d5923ccbc0p+1	-0x1.a0126c76563ddp-23	-0x1.a0126c76563ddp-23	0x1.1b84600000000p-56	1.53694922372680847e-17	0x1.7b510863dfe07p-6	2.31516439375792048e-02	6.638618e-16	9.290099e-19
338	4	-0x1.1800000000000p-57	0x1.a9b9eed6f5000p-13	-0x1.0000000000000p-56	-0x1.0000000000000p-56	-0x1.d000000000000p-58	-6.28837260041592572e-18	0x1.2492492492492p-3	1.42857142857142849e-01	4.401861e-17	4.355252e-18
339	4	-0x1.1800000000000p-57	-0x1.a9b9eed6f5000p-13	-0x1.0000000000000p-56	-0x1.0000000000000p-56	-0x1.d000000000000p-58	-6.28837260041592572e-18	0x1.1e9e7d628f4ccp-3	1.39950732775025677e-01	4.493276e-17	1.071206e-17
340	5	0x1.a0126c770a000p-23	0x1.3f172e51626c6p+1	0x1.a0126c77363e8p-23	0x1.a0126c77363e8p-23	0x1.61f4000000000p-58	4.79695933853791640e-18	0x1.7b510863dfd6fp-6	2.31516439375786774e-02	2.071974e-16	7.755910e-19
341	6	-0x1.a0126c770a000p-23	0x1.397d5923cc930p+1	-0x1.a0126c76363e8p-23	-0x1.a0126c76363e8p-23	0x1.a783000000000p-56	2.29586162770909971e-17	0x1.7b510863dfd77p-6	2.31516439375787052e-02	9.916625e-16	7.755910e-19
342	4	0x1.6000000000000p-59	0x1.a9b9eed6ff400p-13	0x0.0p+0	0x0.0p+0	-0x1.6000000000000p-59	-2.38524477946810975e-18	0x1.2492492492492p-3	1.42857142857142849e-01	1.669671e-17	7.130809e-18
343	4	-0x1.0000000000000p-58	-0x1.a9b9eed6ff800p-13	0x0.0p+0	0x0.0p+0	0x1.0000000000000p-58	3.46944695195361419e-18	0x1.1e9e7d628f275p-3	1.39950732775009051e-01	2.479049e-17	7.936503e-18
344	5	-0x1.63b0b67600000p-27	-0x1.09813b93db135p-11	-0x1.63b0b6760060fp-27	-0x1.63b0b6760060fp-27	-0x1.83c0000000000p-69	-2.56591426013949185e-21	0x1.88531d6cf00c2p-13	1.87074979661977210e-04	1.371597e-17	6.716707e-22
345	5	0x1.63b0b67600000p-27	-0x1.c2ae0a283a573p-14	0x1.63b0b6760060fp-27	0x1.63b0b6760060fp-27	0x1.83c0000000000p-69	2.56591426013949185e-21	0x1.88531d6cf00c2p-13	1.87074979661977210e-04	1.371597e-17	6.716707e-22
346	5	0x0.0p+0	-0x1.3509a0909d08ap-14	-0x1.8000000000000p-64	-0x1.8000000000000p-64	-0x1.8000000000000p-64	-8.13151629364128326e-20	0x1.b9615ac30a8ffp-11	8.41866094906579157e-04	9.658919e-17	3.075701e-20
347	4	0x0.0p+0	0x1.3509a0909d08ap-14	0x0.0p+0	0x0.0p+0	0x0.0p+0	0.00000000000000000e+00	0x1.3509a0909d08ap-13	1.47360613954487373e-04	0.000000e+00	4.092345e-21
348	5	0x1.4573403000000p-44	-0x1.77d9e29a1a171p-13	0x1.45734037af540p-44	0x1.45734037af540p-44	0x1.ebd5000000000p-74	1.01708480220643712e-22	0x1.504dfb0225f3ep-19	2.50566461186185862e-06	4.059142e-17	2.242974e-23
349	5	-0x1.4573403000000p-44	-0x1.47bd5a03aa46dp-16	-0x1.45734027af540p-44	-0x1.45734027af540p-44	0x1.0a15800000000p-73	1.10049756592931372e-22	0x1.504dfb0225f3cp-19	2.50566461186185777e-06	4.392039e-17	2.242974e-23
350	5	-0x1.0000000000000p-73	-0x1.2ba5cea443e90p-20	0x1.0000000000000p-69	0x1.0000000000000p-69	0x1.1000000000000p-69	1.79994501291538822e-21	0x1.7d175d1f99074p-16	2.27148094594929506e-05	7.924104e-17	5.943688e-22
351	4	0x0.0p+0	0x1.2ba5cea443e8fp-20	0x0.0p+0	0x0.0p+0	0x0.0p+0	0.00000000000000000e+00	0x1.2ba5cea443e8fp-19	2.23254922294259166e-06	0.000000e+00	8.009877e-23
352	5	-0x1.c757f49160000p-27	0x1.6a0d2745389d9p-3	-0x1.c757f4911ed94p-27	-0x1.c757f4911ed94p-27	0x1.049b000000000p-61	4.41482836531801931e-19	0x1.658b8b2430e91p-7	1.09114102746226422e-02	4.046066e-17	1.756501e-19
353	5	0x1.c757f49160000p-27	0x1.33eac21788babp-5	0x1.c757f4911ed94p-27	0x1.c757f4911ed94p-27	-0x1.049b000000000p-61	-4.41482836531801931e-19	0x1.658b8b2430e91p-7	1.09114102746226422e-02	4.046066e-17	1.756501e-19
354	5	0x1.0000000000000p-62	0x1.19862dcc5fc0ap-8	-0x1.0000000000000p-59	-0x1.0000000000000p-59	-0x1.2000000000000p-59	-1.95156391047390798e-18	0x1.916641a3c0babp-5	4.89989549660302046e-02	3.982868e-17	7.288962e-19
355	4	0x0.0p+0	-0x1.19862dcc5fc0ap-8	0x0.0p+0	0x0.0p+0	0x0.0p+0	0.00000000000000000e+00	0x1.19862dcc5fc0ap-7	8.59143482443693388e-03	0.000000e+00	8.457035e-20
356	5	-0x1.6138eeb980000p-25	0x1.23ef9232d1024p-2	-0x1.6138eeb8f99b0p-25	-0x1.6138eeb8f99b0p-25	0x1.0cca000000000p-58	3.64277106878552540e-18	0x1.af97289dc6640p-5	5.26843827521585872e-02	6.914328e-17	1.089648e-18
357	5	0x1.6138eeb980000p-25	0x1.efca35fb80edcp-5	0x1.6138eeb8f99b0p-25	0x1.6138eeb8f99b0p-25	-0x1.0cca000000000p-58	-3.64277106878552540e-18	0x1.af97289dc6640p-5	5.26843827521585872e-02	6.914328e-17	1.089648e-18
358	5	0x1.8000000000000p-60	0x1.53f85f87e3611p-6	0x1.8000000000000p-57	0x1.8000000000000p-57	0x1.5000000000000p-57	9.10729824887823725e-18	0x1.e55c973d9b246p-3	2.36993009154860157e-01	3.842855e-17	2.134112e-19
359	4	0x0.0p+0	-0x1.53f85f87e3611p-6	0x0.0p+0	0x0.0p+0	0x0.0p+0	0.00000000000000000e+00	0x1.53f85f87e3611p-5	4.15002694927403340e-02	0.000000e+00	1.105555e-18
360	5	-0x1.6138eeb9a0000p-25	0x1.23ef9232d0f70p-2	-0x1.6138eeb9399acp-25	-0x1.6138eeb9399acp-25	0x1.9995000000000p-59	2.77543580057672355e-18	0x1.af97289dc6536p-5	5.26843827521567415e-02	5.268043e-17	8.841039e-19
361	5	0x1.6138eeb9a0000p-25	0x1.efca35fb80daap-5	0x1.6138eeb8b99acp-25	0x1.6138eeb8b99acp-25	-0x1.ccca800000000p-58	-6.24488275253033773e-18	0x1.af97289dc6536p-5	5.26843827521567415e-02	1.185339e-16	8.841039e-19
362	5	-0x1.0000000000000p-61	0x1.53f85f87e3540p-6	-0x1.0000000000000p-56	-0x1.0000000000000p-56	-0x1.f000000000000p-57	-1.34441069388202550e-17	0x1.e55c973d9b11ap-3	2.36993009154851830e-01	5.672786e-17	7.350559e-18
363	4	0x0.0p+0	-0x1.53f85f87e353fp-6	0x0.0p+0	0x0.0p+0	0x0.0p+0	0.00000000000000000e+00	0x1.53f85f87e353fp-5	4.15002694927388768e-02	0.000000e+00	1.700317e-18
364	5	0x1.b74ebf7dce000p-23	0x1.3f164b832fb1cp+1	0x1.b74ebf7d75eb3p-23	0x1.b74ebf7d75eb3p-23	-0x1.6053400000000p-57	-9.54979355447980408e-18	0x1.7b4f0fe3bc902p-6	2.31511740848384731e-02	4.124972e-16	9.418477e-19
365	6	-0x1.b74ebf7dce000p-23	0x1.3976ec1c9dddep+1	-0x1.b74ebf7df5eb3p-23	-0x1.b74ebf7df5eb3p-23	-0x1.3f59800000000p-58	-4.32799425333465267e-18	0x1.7b4f0fe3bc8fep-6	2.31511740848384592e-02	1.869449e-16	9.418477e-19
366	4	-0x1.8000000000000p-58	0x1.ab58a9b76a800p-13	0x0.0p+0	0x0.0p+0	0x1.8000000000000p-58	5.20417042793042128e-18	0x1.2492492492492p-3	1.42857142857142849e-01	3.642919e-17	1.579670e-18
367	4	0x1.2000000000000p-58	-0x1.ab58a9b76a600p-13	0x0.0p+0	0x0.0p+0	-0x1.2000000000000p-58	-3.90312782094781596e-18	0x1.1e989d5bfe0cbp-3	1.39939526910671880e-01	2.789153e-17	2.769195e-18
368	5	0x1.b74ebf7d7a000p-23	0x1.3f164b832fb79p+1	0x1.b74ebf7d55ea7p-23	0x1.b74ebf7d55ea7p-23	-0x1.20ac800000000p-58	-3.91225989491040139e-18	0x1.7b4f0fe3bc999p-6	2.31511740848389970e-02	1.689875e-16	4.374925e-19
369	6	-0x1.b74ebf7d7a000p-23	0x1.3976ec1c9e07ap+1	-0x1.b74ebf7cd5ea7p-23	-0x1.b74ebf7cd5ea7p-23	0x1.482b200000000p-56	1.77900477027248581e-17	0x1.7b4f0fe3bc99dp-6	2.31511740848390109e-02	7.684296e-16	4.374925e-19
370	4	-0x1.d000000000000p-58	0x1.ab58a9b75fe00p-13	0x0.0p+0	0x0.0p+0	0x1.d000000000000p-58	6.28837260041592572e-18	0x1.2492492492492p-3	1.42857142857142849e-01	4.401861e-17	1.183162e-18
371	4	0x1.8000000000000p-58	-0x1.ab58a9b760000p-13	0x0.0p+0	0x0.0p+0	-0x1.8000000000000p-58	-5.20417042793042128e-18	0x1.1e989d5bfe32ep-3	1.39939526910688838e-01	3.718871e-17	1.269463e-17
