assertion_id	source_file	source_sha256	physical_line	source_literal	branch_guard	row_node	column_node	contribution_expression	upstream_symbol	provenance_class
ALLOC_TEMPNODE_FIELD	vbicdefs.h	0185f8162e02de0cf9c332bbc827d6e43af9a1c494e8e86642b2d7d8ec57ef9b	55	    const int VBICtempNode;  /* number of the temperature node of the vbic */	instance struct declaration	N/A	N/A	const int VBICtempNode; /* number of the temperature node of the vbic */	VBICinstance struct	official_base_unchanged
ALLOC_QCTH_STATE	vbicdefs.h	0185f8162e02de0cf9c332bbc827d6e43af9a1c494e8e86642b2d7d8ec57ef9b	510	#define VBICqcth      VBICstate+67 /* thermal capacitor charge */	state macro block	N/A	N/A	#define VBICqcth VBICstate+67 /* thermal capacitor charge */	state offset 67	official_base_unchanged
ALLOC_CQCTH_STATE	vbicdefs.h	0185f8162e02de0cf9c332bbc827d6e43af9a1c494e8e86642b2d7d8ec57ef9b	511	#define VBICcqcth     VBICstate+68 /* thermal capacitor current */	state macro block	N/A	N/A	#define VBICcqcth VBICstate+68 /* thermal capacitor current */	state offset 68	official_base_unchanged
ALLOC_ICTHVRTH_STATE	vbicdefs.h	0185f8162e02de0cf9c332bbc827d6e43af9a1c494e8e86642b2d7d8ec57ef9b	514	#define VBICicth_Vrth VBICstate+70	state macro block	N/A	N/A	#define VBICicth_Vrth VBICstate+70	state offset 70	official_base_unchanged
ALLOC_CAPCTH_FIELD	vbicdefs.h	0185f8162e02de0cf9c332bbc827d6e43af9a1c494e8e86642b2d7d8ec57ef9b	274	    double VBICcapcth;	instance struct field	N/A	N/A	double VBICcapcth;	VBICinstance struct	official_base_unchanged
ALLOC_STATE_BASE	vbicsetup.c	f711c83cb3811d4a0fad08a2d16fbe79416886330417b4c26b3c4f46a5483d79	407	            here->VBICstate = *states;	VBICsetup instance setup	N/A	N/A	here->VBICstate = *states;	circuit state array cursor	official_base_unchanged
ALLOC_STATE_SLOTS	vbicsetup.c	f711c83cb3811d4a0fad08a2d16fbe79416886330417b4c26b3c4f46a5483d79	408	            *states += VBICnumStates;	VBICsetup instance setup	N/A	N/A	*states += VBICnumStates;	VBICnumStates = 86	official_base_unchanged
ALLOC_SELFHEAT_GUARD	vbicsetup.c	f711c83cb3811d4a0fad08a2d16fbe79416886330417b4c26b3c4f46a5483d79	584	            if (here->VBIC_selfheat) {	matrix allocation section	N/A	N/A	if (here->VBIC_selfheat) {	here->VBIC_selfheat flag	official_base_unchanged
ALLOC_TSTALLOC_01	vbicsetup.c	f711c83cb3811d4a0fad08a2d16fbe79416886330417b4c26b3c4f46a5483d79	585	                TSTALLOC(VBICcollTempPtr,VBICcollNode,VBICtempNode);	if (here->VBIC_selfheat) allocation block (lines 584-611)	VBICcollNode	VBICtempNode	SMPmakeElt(matrix, VBICcollNode, VBICtempNode)	sparse matrix element VBICcollTempPtr (temp-col)	official_base_unchanged
ALLOC_TSTALLOC_02	vbicsetup.c	f711c83cb3811d4a0fad08a2d16fbe79416886330417b4c26b3c4f46a5483d79	586	                TSTALLOC(VBICbaseTempPtr,VBICbaseNode,VBICtempNode);	if (here->VBIC_selfheat) allocation block (lines 584-611)	VBICbaseNode	VBICtempNode	SMPmakeElt(matrix, VBICbaseNode, VBICtempNode)	sparse matrix element VBICbaseTempPtr (temp-col)	official_base_unchanged
ALLOC_TSTALLOC_03	vbicsetup.c	f711c83cb3811d4a0fad08a2d16fbe79416886330417b4c26b3c4f46a5483d79	587	                TSTALLOC(VBICemitTempPtr,VBICemitNode,VBICtempNode);	if (here->VBIC_selfheat) allocation block (lines 584-611)	VBICemitNode	VBICtempNode	SMPmakeElt(matrix, VBICemitNode, VBICtempNode)	sparse matrix element VBICemitTempPtr (temp-col)	official_base_unchanged
ALLOC_TSTALLOC_04	vbicsetup.c	f711c83cb3811d4a0fad08a2d16fbe79416886330417b4c26b3c4f46a5483d79	588	                TSTALLOC(VBICsubsTempPtr,VBICsubsNode,VBICtempNode);	if (here->VBIC_selfheat) allocation block (lines 584-611)	VBICsubsNode	VBICtempNode	SMPmakeElt(matrix, VBICsubsNode, VBICtempNode)	sparse matrix element VBICsubsTempPtr (temp-col)	official_base_unchanged
ALLOC_TSTALLOC_05	vbicsetup.c	f711c83cb3811d4a0fad08a2d16fbe79416886330417b4c26b3c4f46a5483d79	589	                TSTALLOC(VBICcollCItempPtr,VBICcollCINode,VBICtempNode);	if (here->VBIC_selfheat) allocation block (lines 584-611)	VBICcollCINode	VBICtempNode	SMPmakeElt(matrix, VBICcollCINode, VBICtempNode)	sparse matrix element VBICcollCItempPtr (temp-col)	official_base_unchanged
ALLOC_TSTALLOC_06	vbicsetup.c	f711c83cb3811d4a0fad08a2d16fbe79416886330417b4c26b3c4f46a5483d79	590	                TSTALLOC(VBICcollCXtempPtr,VBICcollCXNode,VBICtempNode);	if (here->VBIC_selfheat) allocation block (lines 584-611)	VBICcollCXNode	VBICtempNode	SMPmakeElt(matrix, VBICcollCXNode, VBICtempNode)	sparse matrix element VBICcollCXtempPtr (temp-col)	official_base_unchanged
ALLOC_TSTALLOC_07	vbicsetup.c	f711c83cb3811d4a0fad08a2d16fbe79416886330417b4c26b3c4f46a5483d79	591	                TSTALLOC(VBICbaseBItempPtr,VBICbaseBINode,VBICtempNode);	if (here->VBIC_selfheat) allocation block (lines 584-611)	VBICbaseBINode	VBICtempNode	SMPmakeElt(matrix, VBICbaseBINode, VBICtempNode)	sparse matrix element VBICbaseBItempPtr (temp-col)	official_base_unchanged
ALLOC_TSTALLOC_08	vbicsetup.c	f711c83cb3811d4a0fad08a2d16fbe79416886330417b4c26b3c4f46a5483d79	592	                TSTALLOC(VBICbaseBXtempPtr,VBICbaseBXNode,VBICtempNode);	if (here->VBIC_selfheat) allocation block (lines 584-611)	VBICbaseBXNode	VBICtempNode	SMPmakeElt(matrix, VBICbaseBXNode, VBICtempNode)	sparse matrix element VBICbaseBXtempPtr (temp-col)	official_base_unchanged
ALLOC_TSTALLOC_09	vbicsetup.c	f711c83cb3811d4a0fad08a2d16fbe79416886330417b4c26b3c4f46a5483d79	593	                TSTALLOC(VBICbaseBPtempPtr,VBICbaseBPNode,VBICtempNode);	if (here->VBIC_selfheat) allocation block (lines 584-611)	VBICbaseBPNode	VBICtempNode	SMPmakeElt(matrix, VBICbaseBPNode, VBICtempNode)	sparse matrix element VBICbaseBPtempPtr (temp-col)	official_base_unchanged
ALLOC_TSTALLOC_10	vbicsetup.c	f711c83cb3811d4a0fad08a2d16fbe79416886330417b4c26b3c4f46a5483d79	594	                TSTALLOC(VBICemitEItempPtr,VBICemitEINode,VBICtempNode);	if (here->VBIC_selfheat) allocation block (lines 584-611)	VBICemitEINode	VBICtempNode	SMPmakeElt(matrix, VBICemitEINode, VBICtempNode)	sparse matrix element VBICemitEItempPtr (temp-col)	official_base_unchanged
ALLOC_TSTALLOC_11	vbicsetup.c	f711c83cb3811d4a0fad08a2d16fbe79416886330417b4c26b3c4f46a5483d79	595	                TSTALLOC(VBICsubsSItempPtr,VBICsubsSINode,VBICtempNode);	if (here->VBIC_selfheat) allocation block (lines 584-611)	VBICsubsSINode	VBICtempNode	SMPmakeElt(matrix, VBICsubsSINode, VBICtempNode)	sparse matrix element VBICsubsSItempPtr (temp-col)	official_base_unchanged
ALLOC_TSTALLOC_12	vbicsetup.c	f711c83cb3811d4a0fad08a2d16fbe79416886330417b4c26b3c4f46a5483d79	596	                TSTALLOC(VBICtempCollPtr,VBICtempNode,VBICcollNode);	if (here->VBIC_selfheat) allocation block (lines 584-611)	VBICtempNode	VBICcollNode	SMPmakeElt(matrix, VBICtempNode, VBICcollNode)	sparse matrix element VBICtempCollPtr (temp-row)	official_base_unchanged
ALLOC_TSTALLOC_13	vbicsetup.c	f711c83cb3811d4a0fad08a2d16fbe79416886330417b4c26b3c4f46a5483d79	597	                TSTALLOC(VBICtempCollCIPtr,VBICtempNode,VBICcollCINode);	if (here->VBIC_selfheat) allocation block (lines 584-611)	VBICtempNode	VBICcollCINode	SMPmakeElt(matrix, VBICtempNode, VBICcollCINode)	sparse matrix element VBICtempCollCIPtr (temp-row)	official_base_unchanged
ALLOC_TSTALLOC_14	vbicsetup.c	f711c83cb3811d4a0fad08a2d16fbe79416886330417b4c26b3c4f46a5483d79	598	                TSTALLOC(VBICtempCollCXPtr,VBICtempNode,VBICcollCXNode);	if (here->VBIC_selfheat) allocation block (lines 584-611)	VBICtempNode	VBICcollCXNode	SMPmakeElt(matrix, VBICtempNode, VBICcollCXNode)	sparse matrix element VBICtempCollCXPtr (temp-row)	official_base_unchanged
ALLOC_TSTALLOC_15	vbicsetup.c	f711c83cb3811d4a0fad08a2d16fbe79416886330417b4c26b3c4f46a5483d79	599	                TSTALLOC(VBICtempBaseBIPtr,VBICtempNode,VBICbaseBINode);	if (here->VBIC_selfheat) allocation block (lines 584-611)	VBICtempNode	VBICbaseBINode	SMPmakeElt(matrix, VBICtempNode, VBICbaseBINode)	sparse matrix element VBICtempBaseBIPtr (temp-row)	official_base_unchanged
ALLOC_TSTALLOC_16	vbicsetup.c	f711c83cb3811d4a0fad08a2d16fbe79416886330417b4c26b3c4f46a5483d79	600	                TSTALLOC(VBICtempBasePtr,VBICtempNode,VBICbaseNode);	if (here->VBIC_selfheat) allocation block (lines 584-611)	VBICtempNode	VBICbaseNode	SMPmakeElt(matrix, VBICtempNode, VBICbaseNode)	sparse matrix element VBICtempBasePtr (temp-row)	official_base_unchanged
ALLOC_TSTALLOC_17	vbicsetup.c	f711c83cb3811d4a0fad08a2d16fbe79416886330417b4c26b3c4f46a5483d79	601	                TSTALLOC(VBICtempBaseBXPtr,VBICtempNode,VBICbaseBXNode);	if (here->VBIC_selfheat) allocation block (lines 584-611)	VBICtempNode	VBICbaseBXNode	SMPmakeElt(matrix, VBICtempNode, VBICbaseBXNode)	sparse matrix element VBICtempBaseBXPtr (temp-row)	official_base_unchanged
ALLOC_TSTALLOC_18	vbicsetup.c	f711c83cb3811d4a0fad08a2d16fbe79416886330417b4c26b3c4f46a5483d79	602	                TSTALLOC(VBICtempBaseBPPtr,VBICtempNode,VBICbaseBPNode);	if (here->VBIC_selfheat) allocation block (lines 584-611)	VBICtempNode	VBICbaseBPNode	SMPmakeElt(matrix, VBICtempNode, VBICbaseBPNode)	sparse matrix element VBICtempBaseBPPtr (temp-row)	official_base_unchanged
ALLOC_TSTALLOC_19	vbicsetup.c	f711c83cb3811d4a0fad08a2d16fbe79416886330417b4c26b3c4f46a5483d79	603	                TSTALLOC(VBICtempEmitPtr,VBICtempNode,VBICemitNode);	if (here->VBIC_selfheat) allocation block (lines 584-611)	VBICtempNode	VBICemitNode	SMPmakeElt(matrix, VBICtempNode, VBICemitNode)	sparse matrix element VBICtempEmitPtr (temp-row)	official_base_unchanged
ALLOC_TSTALLOC_20	vbicsetup.c	f711c83cb3811d4a0fad08a2d16fbe79416886330417b4c26b3c4f46a5483d79	604	                TSTALLOC(VBICtempEmitEIPtr,VBICtempNode,VBICemitEINode);	if (here->VBIC_selfheat) allocation block (lines 584-611)	VBICtempNode	VBICemitEINode	SMPmakeElt(matrix, VBICtempNode, VBICemitEINode)	sparse matrix element VBICtempEmitEIPtr (temp-row)	official_base_unchanged
ALLOC_TSTALLOC_21	vbicsetup.c	f711c83cb3811d4a0fad08a2d16fbe79416886330417b4c26b3c4f46a5483d79	605	                TSTALLOC(VBICtempSubsPtr,VBICtempNode,VBICsubsNode);	if (here->VBIC_selfheat) allocation block (lines 584-611)	VBICtempNode	VBICsubsNode	SMPmakeElt(matrix, VBICtempNode, VBICsubsNode)	sparse matrix element VBICtempSubsPtr (temp-row)	official_base_unchanged
ALLOC_TSTALLOC_22	vbicsetup.c	f711c83cb3811d4a0fad08a2d16fbe79416886330417b4c26b3c4f46a5483d79	606	                TSTALLOC(VBICtempSubsSIPtr,VBICtempNode,VBICsubsSINode);	if (here->VBIC_selfheat) allocation block (lines 584-611)	VBICtempNode	VBICsubsSINode	SMPmakeElt(matrix, VBICtempNode, VBICsubsSINode)	sparse matrix element VBICtempSubsSIPtr (temp-row)	official_base_unchanged
ALLOC_TSTALLOC_23	vbicsetup.c	f711c83cb3811d4a0fad08a2d16fbe79416886330417b4c26b3c4f46a5483d79	607	                TSTALLOC(VBICtempTempPtr,VBICtempNode,VBICtempNode);	if (here->VBIC_selfheat) allocation block (lines 584-611)	VBICtempNode	VBICtempNode	SMPmakeElt(matrix, VBICtempNode, VBICtempNode)	sparse matrix element VBICtempTempPtr (temp-row)	official_base_unchanged
ALLOC_TSTALLOC_24	vbicsetup.c	f711c83cb3811d4a0fad08a2d16fbe79416886330417b4c26b3c4f46a5483d79	609	                    TSTALLOC(VBICxf1TempPtr  ,VBICxf1Node   ,VBICtempNode);	if (here->VBIC_selfheat) allocation block (lines 584-611)	VBICxf1Node	VBICtempNode	SMPmakeElt(matrix, VBICxf1Node, VBICtempNode)	sparse matrix element VBICxf1TempPtr (temp-col)	official_base_unchanged
ALLOC_TSTALLOC_XF1	vbicsetup.c	f711c83cb3811d4a0fad08a2d16fbe79416886330417b4c26b3c4f46a5483d79	609	                    TSTALLOC(VBICxf1TempPtr  ,VBICxf1Node   ,VBICtempNode);	if (here->VBIC_excessPhase) block (608-611)	VBICxf1Node	VBICtempNode	SMPmakeElt(matrix, VBICxf1Node, VBICtempNode)	sparse matrix element VBICxf1TempPtr (temp-col)	official_base_unchanged
BIND_TERMNAMES	vbic.c	e6dd50fd8f07c2c41cc7d7de86895014b175f75d97768357cde651b5ed47e903	198	char *VBICnames[] = {	device info table	N/A	N/A	char *VBICnames[] = {	terminal name table	official_base_unchanged
BIND_TERM_TEMP	vbic.c	e6dd50fd8f07c2c41cc7d7de86895014b175f75d97768357cde651b5ed47e903	203	    "temp"	VBICnames[] array element	N/A	N/A	"temp"	fifth terminal name	official_base_unchanged
BIND_NSIZE	vbic.c	e6dd50fd8f07c2c41cc7d7de86895014b175f75d97768357cde651b5ed47e903	207	int VBICnSize = NUMELEMS(VBICnames);	device info table	N/A	N/A	int VBICnSize = NUMELEMS(VBICnames);	terminal count = 5	official_base_unchanged
BIND_DEV_TERMS	vbicinit.c	0c535654516c210e2cfd28ec1623544f974d21dd599ed9709a31d7fbfbf670a8	19	        .terms = &VBICnSize,	SPICEdev VBICinfo DEVpublic	N/A	N/A	.terms = &VBICnSize,	terminal count pointer	official_base_unchanged
BIND_DEV_TERMNAMES	vbicinit.c	0c535654516c210e2cfd28ec1623544f974d21dd599ed9709a31d7fbfbf670a8	21	        .termNames = VBICnames,	SPICEdev VBICinfo DEVpublic	N/A	N/A	.termNames = VBICnames,	terminal name table pointer	official_base_unchanged
BIND_PARSE_LOOP	inp2q.c	81022a148f49b69fddf2ee6ed1a0f25e0702e61389adf6c531ba2e621c18f7b4	55	    for (i = 0; ; i++) {	INP2Q node parsing loop	N/A	N/A	for (i = 0; ; i++) {	terminal ordinal counter	official_base_unchanged
BIND_PARSE_INSERT	inp2q.c	81022a148f49b69fddf2ee6ed1a0f25e0702e61389adf6c531ba2e621c18f7b4	71	        INPtermInsert(ckt, &token, tab, &node[i]);	INP2Q node parsing loop	N/A	N/A	INPtermInsert(ckt, &token, tab, &node[i]);	node[i] by ordinal	official_base_unchanged
BIND_PARSE_NUMNODES	inp2q.c	81022a148f49b69fddf2ee6ed1a0f25e0702e61389adf6c531ba2e621c18f7b4	74	    int model_numnodes = model_max_numnodes(thismodel->INPmodType);	after parse loop	N/A	N/A	int model_numnodes = model_max_numnodes(thismodel->INPmodType);	5 for VBIC	official_base_unchanged
BIND_PARSE_TIE	inp2q.c	81022a148f49b69fddf2ee6ed1a0f25e0702e61389adf6c531ba2e621c18f7b4	82	        node[i++] = gnode;	tie-to-ground loop	N/A	N/A	node[i++] = gnode;	missing ports tied to ground	official_base_unchanged
BIND_NEWINSTANCE	inp2q.c	81022a148f49b69fddf2ee6ed1a0f25e0702e61389adf6c531ba2e621c18f7b4	109	    IFC(newInstance, (ckt, mdfast, &fast, name));	after node collection	N/A	N/A	IFC(newInstance, (ckt, mdfast, &fast, name));	device instance	official_base_unchanged
BIND_BINDNODE_CALL	inp2q.c	81022a148f49b69fddf2ee6ed1a0f25e0702e61389adf6c531ba2e621c18f7b4	111	        IFC(bindNode, (ckt, fast, i + 1, node[i]));	instance binding loop	N/A	N/A	IFC(bindNode, (ckt, fast, i + 1, node[i]));	bind by ordinal i+1	official_base_unchanged
BIND_CKT_WRITE	cktbindnode.c	537aed068498f929e6e0bdaff6d15a5c4da273cb1dde29ba3e6506eaddb37e5e	29	        GENnode(instance)[term - 1] = node->number;	CKTbindNode body	N/A	N/A	GENnode(instance)[term - 1] = node->number;	node number into instance node array	official_base_unchanged
BIND_GENNODE	gendefs.h	45fb93fdcdba34607269bf772a0e4278e5eba292ec00ab6b12ad0e6285395172	34	    return (int*)(inst + 1);	generic node accessor	N/A	N/A	return (int*)(inst + 1);	node array base after GENinstance	official_base_unchanged
MODEL_CALL_START	vbicload.c	b3abd28a43ee30204673eb1ea6f6fd5de0b049e2e03de168b25b94a2f86e2dcf	721	            iret = vbic_4T_et_cf_fj(p	general load pass after limiter section	N/A	N/A	iret = vbic_4T_et_cf_fj(p	model evaluation call	official_base_unchanged
MODEL_CALL_VRTH	vbicload.c	b3abd28a43ee30204673eb1ea6f6fd5de0b049e2e03de168b25b94a2f86e2dcf	722	                ,&Vrth, &Vbei, &Vbex, &Vbci, &Vbep, &Vbcp	model call argument list	N/A	N/A	,&Vrth, &Vbei, &Vbex, &Vbci, &Vbep, &Vbcp	Vrth input/output	official_base_unchanged
MODEL_CALL_IRTH_ITH	vbicload.c	b3abd28a43ee30204673eb1ea6f6fd5de0b049e2e03de168b25b94a2f86e2dcf	736	                ,&Qbcp_Vbcp, &Irth, &Irth_Vrth, &Ith, &Ith_Vrth, &Ith_Vbei, &Ith_Vbci	model call argument list	N/A	N/A	,&Qbcp_Vbcp, &Irth, &Irth_Vrth, &Ith, &Ith_Vrth, &Ith_Vbei, &Ith_Vbci	Irth, Ith and first derivatives	official_base_unchanged
MODEL_CALL_ITH_DERIV	vbicload.c	b3abd28a43ee30204673eb1ea6f6fd5de0b049e2e03de168b25b94a2f86e2dcf	737	                ,&Ith_Vcei, &Ith_Vbex, &Ith_Vbep, &Ith_Vrs, &Ith_Vbcp, &Ith_Vcep, &Ith_Vrcx	model call argument list	N/A	N/A	,&Ith_Vcei, &Ith_Vbex, &Ith_Vbep, &Ith_Vrs, &Ith_Vbcp, &Ith_Vcep, &Ith_Vrcx	Ith derivatives	official_base_unchanged
MODEL_CALL_ITH_DERIV2	vbicload.c	b3abd28a43ee30204673eb1ea6f6fd5de0b049e2e03de168b25b94a2f86e2dcf	738	                ,&Ith_Vrci, &Ith_Vbcx, &Ith_Vrbx, &Ith_Vrbi, &Ith_Vre, &Ith_Vrbp, &Qcth	model call argument list	N/A	N/A	,&Ith_Vrci, &Ith_Vbcx, &Ith_Vrbx, &Ith_Vrbi, &Ith_Vre, &Ith_Vrbp, &Qcth	Ith derivatives + Qcth	official_base_unchanged
MODEL_CALL_QCTH	vbicload.c	b3abd28a43ee30204673eb1ea6f6fd5de0b049e2e03de168b25b94a2f86e2dcf	739	                ,&Qcth_Vrth, &SCALE);	model call argument list	N/A	N/A	,&Qcth_Vrth, &SCALE);	Qcth_Vrth + SCALE	official_base_unchanged
MODEL_SIG_TAIL	vbicload.c	b3abd28a43ee30204673eb1ea6f6fd5de0b049e2e03de168b25b94a2f86e2dcf	1535	    ,double *Qbcp_Vbcp, double *Irth, double *Irth_Vrth, double *Ith, double *Ith_Vrth, double *Ith_Vbei, double *Ith_Vbci	vbic_4T_et_cf_fj signature	N/A	N/A	,double *Qbcp_Vbcp, double *Irth, double *Irth_Vrth, double *Ith, double *Ith_Vrth, double *Ith_Vbei, double *Ith_Vbci	formal parameter list	official_base_unchanged
MODEL_SIG_TAIL2	vbicload.c	b3abd28a43ee30204673eb1ea6f6fd5de0b049e2e03de168b25b94a2f86e2dcf	1536	    ,double *Ith_Vcei, double *Ith_Vbex, double *Ith_Vbep, double *Ith_Vrs, double *Ith_Vbcp, double *Ith_Vcep, double *Ith_Vrcx	vbic_4T_et_cf_fj signature	N/A	N/A	,double *Ith_Vcei, double *Ith_Vbex, double *Ith_Vbep, double *Ith_Vrs, double *Ith_Vbcp, double *Ith_Vcep, double *Ith_Vrcx	formal parameter list	official_base_unchanged
MODEL_SIG_TAIL3	vbicload.c	b3abd28a43ee30204673eb1ea6f6fd5de0b049e2e03de168b25b94a2f86e2dcf	1537	    ,double *Ith_Vrci, double *Ith_Vbcx, double *Ith_Vrbx, double *Ith_Vrbi, double *Ith_Vre, double *Ith_Vrbp, double *Qcth	vbic_4T_et_cf_fj signature	N/A	N/A	,double *Ith_Vrci, double *Ith_Vbcx, double *Ith_Vrbx, double *Ith_Vrbi, double *Ith_Vre, double *Ith_Vrbp, double *Qcth	formal parameter list	official_base_unchanged
MODEL_SIG_TAIL4	vbicload.c	b3abd28a43ee30204673eb1ea6f6fd5de0b049e2e03de168b25b94a2f86e2dcf	1538	    ,double *Qcth_Vrth, double *SCALE)	vbic_4T_et_cf_fj signature	N/A	N/A	,double *Qcth_Vrth, double *SCALE)	formal parameter list close	official_base_unchanged
MODEL_ITH_EXPR	vbicload.c	b3abd28a43ee30204673eb1ea6f6fd5de0b049e2e03de168b25b94a2f86e2dcf	3972	    (*Ith)=-((*Ibe)*(*Vbei)+(*Ibc)*(*Vbci)+((*Itzf)-(*Itzr))*(*Vcei)+(*Ibex)*(*Vbex)+(*Ibep)*(*Vbep)+(*Irs)*(*Vrs)+(*Ibcp)*(*Vbcp)+(*Iccp)*(*Vcep)+(*Ircx)*(*Vrcx)+(*Irci)*(*Vrci)+(*Irbx)*(*Vrbx)+(*Irbi)*(*Vrbi)+(*Ire)*(*Vre)+(*Irbp)*(*Vrbp));	model function thermal current	N/A	N/A	(*Ith)=-((*Ibe)*(*Vbei)+(*Ibc)*(*Vbci)+((*Itzf)-(*Itzr))*(*Vcei)+(*Ibex)*(*Vbex)+(*Ibep)*(*Vbep)+(*Irs)*(*Vrs)+(*Ibcp)*(*Vbcp)+(*Iccp)*(*Vcep)+(*Ircx)*(*Vrcx)+(*Irci)*(*Vrci)+(*Irbx)*(*Vrbx)+(*Irbi)*(*Vrbi)+(*Ire)*(*Vre)+(*Irbp)*(*Vrbp));	dissipated power expression	official_base_unchanged
MODEL_IRTH_P83	vbicload.c	b3abd28a43ee30204673eb1ea6f6fd5de0b049e2e03de168b25b94a2f86e2dcf	4043	    if(p[83]>0.0){	model function thermal resistance	N/A	N/A	if(p[83]>0.0){	p[83] = RTH	official_base_unchanged
MODEL_IRTH_ASSIGN	vbicload.c	b3abd28a43ee30204673eb1ea6f6fd5de0b049e2e03de168b25b94a2f86e2dcf	4044	        (*Irth)=(*Vrth)/p[83];	if(p[83]>0.0) branch	N/A	N/A	(*Irth)=(*Vrth)/p[83];	Vrth / RTH	official_base_unchanged
MODEL_IRTHVRTH_ASSIGN	vbicload.c	b3abd28a43ee30204673eb1ea6f6fd5de0b049e2e03de168b25b94a2f86e2dcf	4045	        *Irth_Vrth=1.0/p[83];	if(p[83]>0.0) branch	N/A	N/A	*Irth_Vrth=1.0/p[83];	1 / RTH	official_base_unchanged
MODEL_QCTH_P84	vbicload.c	b3abd28a43ee30204673eb1ea6f6fd5de0b049e2e03de168b25b94a2f86e2dcf	4050	    (*Qcth)=(*Vrth)*p[84];	model function thermal capacitance	N/A	N/A	(*Qcth)=(*Vrth)*p[84];	Vrth * CTH	official_base_unchanged
MODEL_QCTHVRTH_P84	vbicload.c	b3abd28a43ee30204673eb1ea6f6fd5de0b049e2e03de168b25b94a2f86e2dcf	4051	    *Qcth_Vrth=p[84];	model function thermal capacitance	N/A	N/A	*Qcth_Vrth=p[84];	CTH	official_base_unchanged
MODEL_POWER	vbicload.c	b3abd28a43ee30204673eb1ea6f6fd5de0b049e2e03de168b25b94a2f86e2dcf	741	            here->VBICpower = Ith;	after model call	N/A	N/A	here->VBICpower = Ith;	Ith stored as device power	official_base_unchanged
PARAM_RTH_NAME	vbic.c	e6dd50fd8f07c2c41cc7d7de86895014b175f75d97768357cde651b5ed47e903	158	 IOP("rth",   VBIC_MOD_RTH,   IF_REAL, "Thermal resistance"),	model parameter table	N/A	N/A	IOP("rth",   VBIC_MOD_RTH,   IF_REAL, "Thermal resistance"),	VBIC_MOD_RTH	official_base_unchanged
PARAM_CTH_NAME	vbic.c	e6dd50fd8f07c2c41cc7d7de86895014b175f75d97768357cde651b5ed47e903	159	 IOP("cth",   VBIC_MOD_CTH,   IF_REAL, "Thermal capacitance"),	model parameter table	N/A	N/A	IOP("cth",   VBIC_MOD_CTH,   IF_REAL, "Thermal capacitance"),	VBIC_MOD_CTH	official_base_unchanged
PARAM_RTH_ENUM	vbicdefs.h	0185f8162e02de0cf9c332bbc827d6e43af9a1c494e8e86642b2d7d8ec57ef9b	892	    VBIC_MOD_RTH,	model parameter enum	N/A	N/A	VBIC_MOD_RTH,	parameter index	official_base_unchanged
PARAM_CTH_ENUM	vbicdefs.h	0185f8162e02de0cf9c332bbc827d6e43af9a1c494e8e86642b2d7d8ec57ef9b	893	    VBIC_MOD_CTH,	model parameter enum	N/A	N/A	VBIC_MOD_CTH,	parameter index	official_base_unchanged
PARAM_RTH_PARSE	vbicmpar.c	348a327e07c30585fbce0ad6c5323727d8b6c638b8ea060484181e6bd0df7cbc	392	        case VBIC_MOD_RTH:	VBICmParam switch	N/A	N/A	case VBIC_MOD_RTH:	parameter parse	official_base_unchanged
PARAM_RTH_STORE	vbicmpar.c	348a327e07c30585fbce0ad6c5323727d8b6c638b8ea060484181e6bd0df7cbc	393	            mods->VBICthermalResist = value->rValue;	case VBIC_MOD_RTH	N/A	N/A	mods->VBICthermalResist = value->rValue;	VBICthermalResist	official_base_unchanged
PARAM_CTH_STORE	vbicmpar.c	348a327e07c30585fbce0ad6c5323727d8b6c638b8ea060484181e6bd0df7cbc	397	            mods->VBICthermalCapacitance = value->rValue;	case VBIC_MOD_CTH	N/A	N/A	mods->VBICthermalCapacitance = value->rValue;	VBICthermalCapacitance	official_base_unchanged
PARAM_P83_PASS	vbictemp.c	8b9398ba2396e54025780d7f88ff786a65e6044e7e6cd5a13d7480ca292d2015	151	        p[83]=pnom[83];	temperature-scaled parameter copy	N/A	N/A	p[83]=pnom[83];	p[83] = nominal RTH	official_base_unchanged
PARAM_P84_PASS	vbictemp.c	8b9398ba2396e54025780d7f88ff786a65e6044e7e6cd5a13d7480ca292d2015	152	        p[84]=pnom[84];	temperature-scaled parameter copy	N/A	N/A	p[84]=pnom[84];	p[84] = nominal CTH	official_base_unchanged
CTH_INTEGRATE	vbicload.c	b3abd28a43ee30204673eb1ea6f6fd5de0b049e2e03de168b25b94a2f86e2dcf	938	                    if (here->VBIC_selfheat)	if (here->VBIC_selfheat) transient integration block	N/A	N/A	if (here->VBIC_selfheat)	selfheat guard	official_base_unchanged
CTH_INTEGRATE_CALL	vbicload.c	b3abd28a43ee30204673eb1ea6f6fd5de0b049e2e03de168b25b94a2f86e2dcf	940	                        error = NIintegrate(ckt,&geq,&ceq,Qcth_Vrth,here->VBICqcth);	selfheat block in transient integration	N/A	N/A	error = NIintegrate(ckt,&geq,&ceq,Qcth_Vrth,here->VBICqcth);	Qcth_Vrth integrated	official_base_unchanged
CTH_ICTHVRTH	vbicload.c	b3abd28a43ee30204673eb1ea6f6fd5de0b049e2e03de168b25b94a2f86e2dcf	942	                        Icth_Vrth = geq;	after NIintegrate	N/A	N/A	Icth_Vrth = geq;	geq (integrated conductance)	official_base_unchanged
CTH_ICTH	vbicload.c	b3abd28a43ee30204673eb1ea6f6fd5de0b049e2e03de168b25b94a2f86e2dcf	943	                        Icth = *(ckt->CKTstate0 + here->VBICcqcth);	after NIintegrate	N/A	N/A	Icth = *(ckt->CKTstate0 + here->VBICcqcth);	state0 thermal-cap current	official_base_unchanged
CTH_STATE_WB	vbicload.c	b3abd28a43ee30204673eb1ea6f6fd5de0b049e2e03de168b25b94a2f86e2dcf	1077	                *(ckt->CKTstate0 + here->VBICcqcth)     = Icth;	if (here->VBIC_selfheat) state writeback	N/A	N/A	*(ckt->CKTstate0 + here->VBICcqcth)     = Icth;	Icth writeback	official_base_unchanged
CTH_STATE_WB2	vbicload.c	b3abd28a43ee30204673eb1ea6f6fd5de0b049e2e03de168b25b94a2f86e2dcf	1078	                *(ckt->CKTstate0 + here->VBICicth_Vrth) = Icth_Vrth;	if (here->VBIC_selfheat) state writeback	N/A	N/A	*(ckt->CKTstate0 + here->VBICicth_Vrth) = Icth_Vrth;	Icth_Vrth writeback	official_base_unchanged
CTH_PRED_STATE	vbicload.c	b3abd28a43ee30204673eb1ea6f6fd5de0b049e2e03de168b25b94a2f86e2dcf	403	                        *(ckt->CKTstate0 + here->VBICqcth) =	predictor state copy	N/A	N/A	*(ckt->CKTstate0 + here->VBICqcth) =	state0 qcth predictor copy (cont. line 387)	official_base_unchanged
STAMP_GUARD_OPEN	vbicload.c	b3abd28a43ee30204673eb1ea6f6fd5de0b049e2e03de168b25b94a2f86e2dcf	1338	            if (here->VBIC_selfheat) {	load pass selfheat stamping block	N/A	N/A	if (here->VBIC_selfheat) {	selfheat flag	official_base_unchanged
STAMP_RTH	vbicload.c	b3abd28a43ee30204673eb1ea6f6fd5de0b049e2e03de168b25b94a2f86e2dcf	1455	                *(here->VBICtempTempPtr) +=  Irth_Vrth;	if (here->VBIC_selfheat) block; Rth element	VBICtempNode	VBICtempNode	*(here->VBICtempTempPtr) +=  Irth_Vrth;	Irth_Vrth = 1/RTH (model line 4004)	official_base_unchanged
STAMP_CTH_RHS_EXPR	vbicload.c	b3abd28a43ee30204673eb1ea6f6fd5de0b049e2e03de168b25b94a2f86e2dcf	1459	                rhs_current = Icth - Icth_Vrth*Vrth;	if (here->VBIC_selfheat) block; Cth element	N/A	N/A	rhs_current = Icth - Icth_Vrth*Vrth;	Icth (state), Icth_Vrth (geq)	official_base_unchanged
STAMP_CTH_RHS	vbicload.c	b3abd28a43ee30204673eb1ea6f6fd5de0b049e2e03de168b25b94a2f86e2dcf	1460	                *(ckt->CKTrhs + here->VBICtempNode) += -rhs_current;	if (here->VBIC_selfheat) block; Cth element	VBICtempNode	N/A	*(ckt->CKTrhs + here->VBICtempNode) += -rhs_current;	-(Icth - Icth_Vrth*Vrth)	official_base_unchanged
STAMP_CTH_JAC	vbicload.c	b3abd28a43ee30204673eb1ea6f6fd5de0b049e2e03de168b25b94a2f86e2dcf	1461	                *(here->VBICtempTempPtr) +=  Icth_Vrth;	if (here->VBIC_selfheat) block; Cth element	VBICtempNode	VBICtempNode	*(here->VBICtempTempPtr) +=  Icth_Vrth;	Icth_Vrth = geq	official_base_unchanged
STAMP_ITH_RHS_EXPR1	vbicload.c	b3abd28a43ee30204673eb1ea6f6fd5de0b049e2e03de168b25b94a2f86e2dcf	1465	                rhs_current = -Ith - Ith_Vrth*Vrth	if (here->VBIC_selfheat) block; Ith element	N/A	N/A	rhs_current = -Ith - Ith_Vrth*Vrth	Ith and derivatives (cont. 1425-1429)	official_base_unchanged
STAMP_ITH_RHS_EXPR2	vbicload.c	b3abd28a43ee30204673eb1ea6f6fd5de0b049e2e03de168b25b94a2f86e2dcf	1466	                                   - Ith_Vbei*Vbei - Ith_Vbci*Vbci - Ith_Vcei*Vcei	if (here->VBIC_selfheat) block; Ith element	N/A	N/A	- Ith_Vbei*Vbei - Ith_Vbci*Vbci - Ith_Vcei*Vcei	Ith derivatives	official_base_unchanged
STAMP_ITH_RHS_EXPR3	vbicload.c	b3abd28a43ee30204673eb1ea6f6fd5de0b049e2e03de168b25b94a2f86e2dcf	1467	                                   - Ith_Vbex*Vbex - Ith_Vbep*Vbep - Ith_Vbcp*Vbcp	if (here->VBIC_selfheat) block; Ith element	N/A	N/A	- Ith_Vbex*Vbex - Ith_Vbep*Vbep - Ith_Vbcp*Vbcp	Ith derivatives	official_base_unchanged
STAMP_ITH_RHS_EXPR4	vbicload.c	b3abd28a43ee30204673eb1ea6f6fd5de0b049e2e03de168b25b94a2f86e2dcf	1468	                                   - Ith_Vcep*Vcep - Ith_Vrci*Vrci - Ith_Vbcx*Vbcx	if (here->VBIC_selfheat) block; Ith element	N/A	N/A	- Ith_Vcep*Vcep - Ith_Vrci*Vrci - Ith_Vbcx*Vbcx	Ith derivatives	official_base_unchanged
STAMP_ITH_RHS_EXPR5	vbicload.c	b3abd28a43ee30204673eb1ea6f6fd5de0b049e2e03de168b25b94a2f86e2dcf	1469	                                   - Ith_Vrbi*Vrbi - Ith_Vrbp*Vrbp	if (here->VBIC_selfheat) block; Ith element	N/A	N/A	- Ith_Vrbi*Vrbi - Ith_Vrbp*Vrbp	Ith derivatives	official_base_unchanged
STAMP_ITH_RHS_EXPR6	vbicload.c	b3abd28a43ee30204673eb1ea6f6fd5de0b049e2e03de168b25b94a2f86e2dcf	1470	                                   - Ith_Vrcx*Vrcx - Ith_Vrbx*Vrbx - Ith_Vre*Vre - Ith_Vrs*Vrs;	if (here->VBIC_selfheat) block; Ith element	N/A	N/A	- Ith_Vrcx*Vrcx - Ith_Vrbx*Vrbx - Ith_Vre*Vre - Ith_Vrs*Vrs;	Ith derivatives	official_base_unchanged
STAMP_ITH_RHS	vbicload.c	b3abd28a43ee30204673eb1ea6f6fd5de0b049e2e03de168b25b94a2f86e2dcf	1472	                *(ckt->CKTrhs + here->VBICtempNode) += rhs_current;	if (here->VBIC_selfheat) block; Ith element	N/A	N/A	*(ckt->CKTrhs + here->VBICtempNode) += rhs_current;	linearized -Ith term	official_base_unchanged
STAMP_ITH_VRTH_JAC	vbicload.c	b3abd28a43ee30204673eb1ea6f6fd5de0b049e2e03de168b25b94a2f86e2dcf	1474	                *(here->VBICtempTempPtr)   += -Ith_Vrth;	if (here->VBIC_selfheat) block; Ith element	N/A	N/A	*(here->VBICtempTempPtr)   += -Ith_Vrth;	Ith_Vrth	official_base_unchanged
STAMP_ITH_VBEI_1	vbicload.c	b3abd28a43ee30204673eb1ea6f6fd5de0b049e2e03de168b25b94a2f86e2dcf	1476	                *(here->VBICtempBaseBIPtr) += -Ith_Vbei;	if (here->VBIC_selfheat) block; Ith element	VBICtempNode	VBICbaseBINode	*(here->VBICtempBaseBIPtr) += -Ith_Vbei;	-Ith_Vbei	official_base_unchanged
STAMP_ITH_VBEI_2	vbicload.c	b3abd28a43ee30204673eb1ea6f6fd5de0b049e2e03de168b25b94a2f86e2dcf	1477	                *(here->VBICtempEmitEIPtr) += +Ith_Vbei;	if (here->VBIC_selfheat) block; Ith element	VBICtempNode	VBICemitEINode	*(here->VBICtempEmitEIPtr) += +Ith_Vbei;	+Ith_Vbei	official_base_unchanged
STAMP_ITH_VBCI_1	vbicload.c	b3abd28a43ee30204673eb1ea6f6fd5de0b049e2e03de168b25b94a2f86e2dcf	1478	                *(here->VBICtempBaseBIPtr) += -Ith_Vbci;	if (here->VBIC_selfheat) block; Ith element	VBICtempNode	VBICbaseBINode	*(here->VBICtempBaseBIPtr) += -Ith_Vbci;	-Ith_Vbci	official_base_unchanged
STAMP_ITH_VBCI_2	vbicload.c	b3abd28a43ee30204673eb1ea6f6fd5de0b049e2e03de168b25b94a2f86e2dcf	1479	                *(here->VBICtempCollCIPtr) += +Ith_Vbci;	if (here->VBIC_selfheat) block; Ith element	VBICtempNode	VBICcollCINode	*(here->VBICtempCollCIPtr) += +Ith_Vbci;	+Ith_Vbci	official_base_unchanged
STAMP_ITH_VCEI_1	vbicload.c	b3abd28a43ee30204673eb1ea6f6fd5de0b049e2e03de168b25b94a2f86e2dcf	1480	                *(here->VBICtempCollCIPtr) += -Ith_Vcei;	if (here->VBIC_selfheat) block; Ith element	VBICtempNode	VBICcollCINode	*(here->VBICtempCollCIPtr) += -Ith_Vcei;	-Ith_Vcei	official_base_unchanged
STAMP_ITH_VCEI_2	vbicload.c	b3abd28a43ee30204673eb1ea6f6fd5de0b049e2e03de168b25b94a2f86e2dcf	1481	                *(here->VBICtempEmitEIPtr) += +Ith_Vcei;	if (here->VBIC_selfheat) block; Ith element	VBICtempNode	VBICemitEINode	*(here->VBICtempEmitEIPtr) += +Ith_Vcei;	+Ith_Vcei	official_base_unchanged
STAMP_ITH_VBEX_1	vbicload.c	b3abd28a43ee30204673eb1ea6f6fd5de0b049e2e03de168b25b94a2f86e2dcf	1482	                *(here->VBICtempBaseBXPtr) += -Ith_Vbex;	if (here->VBIC_selfheat) block; Ith element	VBICtempNode	VBICbaseBXNode	*(here->VBICtempBaseBXPtr) += -Ith_Vbex;	-Ith_Vbex	official_base_unchanged
STAMP_ITH_VBEX_2	vbicload.c	b3abd28a43ee30204673eb1ea6f6fd5de0b049e2e03de168b25b94a2f86e2dcf	1483	                *(here->VBICtempEmitEIPtr) += +Ith_Vbex;	if (here->VBIC_selfheat) block; Ith element	VBICtempNode	VBICemitEINode	*(here->VBICtempEmitEIPtr) += +Ith_Vbex;	+Ith_Vbex	official_base_unchanged
STAMP_ITH_VBEP_1	vbicload.c	b3abd28a43ee30204673eb1ea6f6fd5de0b049e2e03de168b25b94a2f86e2dcf	1484	                *(here->VBICtempBaseBXPtr) += -Ith_Vbep;	if (here->VBIC_selfheat) block; Ith element	VBICtempNode	VBICbaseBXNode	*(here->VBICtempBaseBXPtr) += -Ith_Vbep;	-Ith_Vbep	official_base_unchanged
STAMP_ITH_VBEP_2	vbicload.c	b3abd28a43ee30204673eb1ea6f6fd5de0b049e2e03de168b25b94a2f86e2dcf	1485	                *(here->VBICtempBaseBPPtr) += +Ith_Vbep;	if (here->VBIC_selfheat) block; Ith element	VBICtempNode	VBICbaseBPNode	*(here->VBICtempBaseBPPtr) += +Ith_Vbep;	+Ith_Vbep	official_base_unchanged
STAMP_ITH_VBCP_1	vbicload.c	b3abd28a43ee30204673eb1ea6f6fd5de0b049e2e03de168b25b94a2f86e2dcf	1486	                *(here->VBICtempSubsPtr)   += -Ith_Vbcp;	if (here->VBIC_selfheat) block; Ith element	VBICtempNode	VBICsubsNode	*(here->VBICtempSubsPtr) += -Ith_Vbcp;	-Ith_Vbcp	official_base_unchanged
STAMP_ITH_VBCP_2	vbicload.c	b3abd28a43ee30204673eb1ea6f6fd5de0b049e2e03de168b25b94a2f86e2dcf	1487	                *(here->VBICtempBaseBPPtr) += +Ith_Vbcp;	if (here->VBIC_selfheat) block; Ith element	VBICtempNode	VBICbaseBPNode	*(here->VBICtempBaseBPPtr) += +Ith_Vbcp;	+Ith_Vbcp	official_base_unchanged
STAMP_ITH_VCEP_1	vbicload.c	b3abd28a43ee30204673eb1ea6f6fd5de0b049e2e03de168b25b94a2f86e2dcf	1488	                *(here->VBICtempBaseBXPtr) += -Ith_Vcep;	if (here->VBIC_selfheat) block; Ith element	VBICtempNode	VBICbaseBXNode	*(here->VBICtempBaseBXPtr) += -Ith_Vcep;	-Ith_Vcep	official_base_unchanged
STAMP_ITH_VCEP_2	vbicload.c	b3abd28a43ee30204673eb1ea6f6fd5de0b049e2e03de168b25b94a2f86e2dcf	1489	                *(here->VBICtempSubsPtr)   += +Ith_Vcep;	if (here->VBIC_selfheat) block; Ith element	VBICtempNode	VBICsubsNode	*(here->VBICtempSubsPtr) += +Ith_Vcep;	+Ith_Vcep	official_base_unchanged
STAMP_ITH_VRCI_1	vbicload.c	b3abd28a43ee30204673eb1ea6f6fd5de0b049e2e03de168b25b94a2f86e2dcf	1490	                *(here->VBICtempCollCXPtr) += -Ith_Vrci;	if (here->VBIC_selfheat) block; Ith element	VBICtempNode	VBICcollCXNode	*(here->VBICtempCollCXPtr) += -Ith_Vrci;	-Ith_Vrci	official_base_unchanged
STAMP_ITH_VRCI_2	vbicload.c	b3abd28a43ee30204673eb1ea6f6fd5de0b049e2e03de168b25b94a2f86e2dcf	1491	                *(here->VBICtempCollCIPtr) += +Ith_Vrci;	if (here->VBIC_selfheat) block; Ith element	VBICtempNode	VBICcollCINode	*(here->VBICtempCollCIPtr) += +Ith_Vrci;	+Ith_Vrci	official_base_unchanged
STAMP_ITH_VBCX_1	vbicload.c	b3abd28a43ee30204673eb1ea6f6fd5de0b049e2e03de168b25b94a2f86e2dcf	1492	                *(here->VBICtempBaseBIPtr) += -Ith_Vbcx;	if (here->VBIC_selfheat) block; Ith element	VBICtempNode	VBICbaseBINode	*(here->VBICtempBaseBIPtr) += -Ith_Vbcx;	-Ith_Vbcx	official_base_unchanged
STAMP_ITH_VBCX_2	vbicload.c	b3abd28a43ee30204673eb1ea6f6fd5de0b049e2e03de168b25b94a2f86e2dcf	1493	                *(here->VBICtempCollCXPtr) += +Ith_Vbcx;	if (here->VBIC_selfheat) block; Ith element	VBICtempNode	VBICcollCXNode	*(here->VBICtempCollCXPtr) += +Ith_Vbcx;	+Ith_Vbcx	official_base_unchanged
STAMP_ITH_VRBI_1	vbicload.c	b3abd28a43ee30204673eb1ea6f6fd5de0b049e2e03de168b25b94a2f86e2dcf	1494	                *(here->VBICtempBaseBXPtr) += -Ith_Vrbi;	if (here->VBIC_selfheat) block; Ith element	VBICtempNode	VBICbaseBXNode	*(here->VBICtempBaseBXPtr) += -Ith_Vrbi;	-Ith_Vrbi	official_base_unchanged
STAMP_ITH_VRBI_2	vbicload.c	b3abd28a43ee30204673eb1ea6f6fd5de0b049e2e03de168b25b94a2f86e2dcf	1495	                *(here->VBICtempBaseBIPtr) += +Ith_Vrbi;	if (here->VBIC_selfheat) block; Ith element	VBICtempNode	VBICbaseBINode	*(here->VBICtempBaseBIPtr) += +Ith_Vrbi;	+Ith_Vrbi	official_base_unchanged
STAMP_ITH_VRBP_1	vbicload.c	b3abd28a43ee30204673eb1ea6f6fd5de0b049e2e03de168b25b94a2f86e2dcf	1496	                *(here->VBICtempBaseBPPtr) += -Ith_Vrbp;	if (here->VBIC_selfheat) block; Ith element	VBICtempNode	VBICbaseBPNode	*(here->VBICtempBaseBPPtr) += -Ith_Vrbp;	-Ith_Vrbp	official_base_unchanged
STAMP_ITH_VRBP_2	vbicload.c	b3abd28a43ee30204673eb1ea6f6fd5de0b049e2e03de168b25b94a2f86e2dcf	1497	                *(here->VBICtempCollCXPtr) += +Ith_Vrbp;	if (here->VBIC_selfheat) block; Ith element	VBICtempNode	VBICcollCXNode	*(here->VBICtempCollCXPtr) += +Ith_Vrbp;	+Ith_Vrbp	official_base_unchanged
STAMP_ITH_VRCX_1	vbicload.c	b3abd28a43ee30204673eb1ea6f6fd5de0b049e2e03de168b25b94a2f86e2dcf	1498	                *(here->VBICtempCollPtr)   += -Ith_Vrcx;	if (here->VBIC_selfheat) block; Ith element	VBICtempNode	VBICcollNode	*(here->VBICtempCollPtr) += -Ith_Vrcx;	-Ith_Vrcx	official_base_unchanged
STAMP_ITH_VRCX_2	vbicload.c	b3abd28a43ee30204673eb1ea6f6fd5de0b049e2e03de168b25b94a2f86e2dcf	1499	                *(here->VBICtempCollCXPtr) += +Ith_Vrcx;	if (here->VBIC_selfheat) block; Ith element	VBICtempNode	VBICcollCXNode	*(here->VBICtempCollCXPtr) += +Ith_Vrcx;	+Ith_Vrcx	official_base_unchanged
STAMP_ITH_VRBX_1	vbicload.c	b3abd28a43ee30204673eb1ea6f6fd5de0b049e2e03de168b25b94a2f86e2dcf	1500	                *(here->VBICtempBasePtr)   += -Ith_Vrbx;	if (here->VBIC_selfheat) block; Ith element	VBICtempNode	VBICbaseNode	*(here->VBICtempBasePtr) += -Ith_Vrbx;	-Ith_Vrbx	official_base_unchanged
STAMP_ITH_VRBX_2	vbicload.c	b3abd28a43ee30204673eb1ea6f6fd5de0b049e2e03de168b25b94a2f86e2dcf	1501	                *(here->VBICtempBaseBXPtr) += +Ith_Vrbx;	if (here->VBIC_selfheat) block; Ith element	VBICtempNode	VBICbaseBXNode	*(here->VBICtempBaseBXPtr) += +Ith_Vrbx;	+Ith_Vrbx	official_base_unchanged
STAMP_ITH_VRE_1	vbicload.c	b3abd28a43ee30204673eb1ea6f6fd5de0b049e2e03de168b25b94a2f86e2dcf	1502	                *(here->VBICtempEmitPtr)   += -Ith_Vre;	if (here->VBIC_selfheat) block; Ith element	VBICtempNode	VBICemitNode	*(here->VBICtempEmitPtr) += -Ith_Vre;	-Ith_Vre	official_base_unchanged
STAMP_ITH_VRE_2	vbicload.c	b3abd28a43ee30204673eb1ea6f6fd5de0b049e2e03de168b25b94a2f86e2dcf	1503	                *(here->VBICtempEmitEIPtr) += +Ith_Vre;	if (here->VBIC_selfheat) block; Ith element	VBICtempNode	VBICemitEINode	*(here->VBICtempEmitEIPtr) += +Ith_Vre;	+Ith_Vre	official_base_unchanged
STAMP_ITH_VRS_1	vbicload.c	b3abd28a43ee30204673eb1ea6f6fd5de0b049e2e03de168b25b94a2f86e2dcf	1504	                *(here->VBICtempSubsPtr)   += -Ith_Vrs;	if (here->VBIC_selfheat) block; Ith element	VBICtempNode	VBICsubsNode	*(here->VBICtempSubsPtr) += -Ith_Vrs;	-Ith_Vrs	official_base_unchanged
STAMP_ITH_VRS_2	vbicload.c	b3abd28a43ee30204673eb1ea6f6fd5de0b049e2e03de168b25b94a2f86e2dcf	1505	                *(here->VBICtempSubsSIPtr) += +Ith_Vrs;	if (here->VBIC_selfheat) block; Ith element	VBICtempNode	VBICsubsSINode	*(here->VBICtempSubsSIPtr) += +Ith_Vrs;	+Ith_Vrs	official_base_unchanged
STAMP_XF1_RHS	vbicload.c	b3abd28a43ee30204673eb1ea6f6fd5de0b049e2e03de168b25b94a2f86e2dcf	1508	                    rhs_current = -Ixf1_Vrth*Vrth;	if (here->VBIC_excessPhase) block (1465-1471)	N/A	N/A	rhs_current = -Ixf1_Vrth*Vrth;	Ixf1_Vrth	official_base_unchanged
STAMP_XF1_RHS_NODE	vbicload.c	b3abd28a43ee30204673eb1ea6f6fd5de0b049e2e03de168b25b94a2f86e2dcf	1509	                    *(ckt->CKTrhs + here->VBICxf1Node) += -rhs_current;	if (here->VBIC_excessPhase) block	VBICxf1Node	N/A	*(ckt->CKTrhs + here->VBICxf1Node) += -rhs_current;	Ixf1_Vrth term	official_base_unchanged
STAMP_XF1_TEMPCOL	vbicload.c	b3abd28a43ee30204673eb1ea6f6fd5de0b049e2e03de168b25b94a2f86e2dcf	1511	                    *(here->VBICxf1TempPtr)            +=  Ixf1_Vrth;	if (here->VBIC_excessPhase) block	VBICxf1Node	VBICtempNode	*(here->VBICxf1TempPtr)            +=  Ixf1_Vrth;	Ixf1_Vrth (temp-column stamp)	official_base_unchanged
STAMP_GUARD_CLOSE	vbicload.c	b3abd28a43ee30204673eb1ea6f6fd5de0b049e2e03de168b25b94a2f86e2dcf	1513	            }	closes selfheat stamping block	N/A	N/A	}	block close	official_base_unchanged
COLSTAMP_Ibe_RHS	vbicload.c	b3abd28a43ee30204673eb1ea6f6fd5de0b049e2e03de168b25b94a2f86e2dcf	1342	                rhs_current = -Ibe_Vrth*Vrth;	if (here->VBIC_selfheat) block; Ibe element	N/A	N/A	                rhs_current = -Ibe_Vrth*Vrth;	Ibe_Vrth	official_base_unchanged
COLSTAMP_Ibe_A	vbicload.c	b3abd28a43ee30204673eb1ea6f6fd5de0b049e2e03de168b25b94a2f86e2dcf	1344	                *(here->VBICbaseBItempPtr) +=  Ibe_Vrth;	if (here->VBIC_selfheat) block; Ibe element	VBICbaseBINode	VBICtempNode	*(here->VBICbaseBItempPtr) += +;	Ibe_Vrth	official_base_unchanged
COLSTAMP_Ibe_B	vbicload.c	b3abd28a43ee30204673eb1ea6f6fd5de0b049e2e03de168b25b94a2f86e2dcf	1346	                *(here->VBICemitEItempPtr) += -Ibe_Vrth;	if (here->VBIC_selfheat) block; Ibe element	VBICemitEINode	VBICtempNode	*(here->VBICemitEItempPtr) += -;	Ibe_Vrth	official_base_unchanged
COLSTAMP_Ibex_RHS	vbicload.c	b3abd28a43ee30204673eb1ea6f6fd5de0b049e2e03de168b25b94a2f86e2dcf	1350	                rhs_current = -Ibex_Vrth*Vrth;	if (here->VBIC_selfheat) block; Ibex element	N/A	N/A	                rhs_current = -Ibex_Vrth*Vrth;	Ibex_Vrth	official_base_unchanged
COLSTAMP_Ibex_A	vbicload.c	b3abd28a43ee30204673eb1ea6f6fd5de0b049e2e03de168b25b94a2f86e2dcf	1352	                *(here->VBICbaseBXtempPtr) +=  Ibex_Vrth;	if (here->VBIC_selfheat) block; Ibex element	VBICbaseBXNode	VBICtempNode	*(here->VBICbaseBXtempPtr) += ;	Ibex_Vrth	official_base_unchanged
COLSTAMP_Ibex_B	vbicload.c	b3abd28a43ee30204673eb1ea6f6fd5de0b049e2e03de168b25b94a2f86e2dcf	1354	                *(here->VBICemitEItempPtr) += -Ibex_Vrth;	if (here->VBIC_selfheat) block; Ibex element	VBICemitEINode	VBICtempNode	*(here->VBICemitEItempPtr) += -;	Ibex_Vrth	official_base_unchanged
COLSTAMP_Iciei_RHS	vbicload.c	b3abd28a43ee30204673eb1ea6f6fd5de0b049e2e03de168b25b94a2f86e2dcf	1359	                rhs_current = -Iciei_Vrth*Vrth;	if (here->VBIC_selfheat) block; Iciei element	N/A	N/A	                rhs_current = -Iciei_Vrth*Vrth;	Iciei_Vrth	official_base_unchanged
COLSTAMP_Iciei_A	vbicload.c	b3abd28a43ee30204673eb1ea6f6fd5de0b049e2e03de168b25b94a2f86e2dcf	1361	                *(here->VBICcollCItempPtr) +=  Iciei_Vrth;	if (here->VBIC_selfheat) block; Iciei element	VBICcollCINode	VBICtempNode	*(here->VBICcollCItempPtr) += +;	Iciei_Vrth	official_base_unchanged
COLSTAMP_Iciei_B	vbicload.c	b3abd28a43ee30204673eb1ea6f6fd5de0b049e2e03de168b25b94a2f86e2dcf	1363	                *(here->VBICemitEItempPtr) += -Iciei_Vrth;	if (here->VBIC_selfheat) block; Iciei element	VBICemitEINode	VBICtempNode	*(here->VBICemitEItempPtr) += -;	Iciei_Vrth	official_base_unchanged
COLSTAMP_Ibc_RHS	vbicload.c	b3abd28a43ee30204673eb1ea6f6fd5de0b049e2e03de168b25b94a2f86e2dcf	1367	                rhs_current = -Ibc_Vrth*Vrth;	if (here->VBIC_selfheat) block; Ibc element	N/A	N/A	                rhs_current = -Ibc_Vrth*Vrth;	Ibc_Vrth	official_base_unchanged
COLSTAMP_Ibc_A	vbicload.c	b3abd28a43ee30204673eb1ea6f6fd5de0b049e2e03de168b25b94a2f86e2dcf	1369	                *(here->VBICbaseBItempPtr) +=  Ibc_Vrth;	if (here->VBIC_selfheat) block; Ibc element	VBICbaseBINode	VBICtempNode	*(here->VBICbaseBItempPtr) += +;	Ibc_Vrth	official_base_unchanged
COLSTAMP_Ibc_B	vbicload.c	b3abd28a43ee30204673eb1ea6f6fd5de0b049e2e03de168b25b94a2f86e2dcf	1371	                *(here->VBICcollCItempPtr) += -Ibc_Vrth;	if (here->VBIC_selfheat) block; Ibc element	VBICcollCINode	VBICtempNode	*(here->VBICcollCItempPtr) += -;	Ibc_Vrth	official_base_unchanged
COLSTAMP_Ibep_RHS	vbicload.c	b3abd28a43ee30204673eb1ea6f6fd5de0b049e2e03de168b25b94a2f86e2dcf	1375	                rhs_current = -Ibep_Vrth*Vrth;	if (here->VBIC_selfheat) block; Ibep element	N/A	N/A	                rhs_current = -Ibep_Vrth*Vrth;	Ibep_Vrth	official_base_unchanged
COLSTAMP_Ibep_A	vbicload.c	b3abd28a43ee30204673eb1ea6f6fd5de0b049e2e03de168b25b94a2f86e2dcf	1377	                *(here->VBICbaseBXtempPtr) +=  Ibep_Vrth;	if (here->VBIC_selfheat) block; Ibep element	VBICbaseBXNode	VBICtempNode	*(here->VBICbaseBXtempPtr) += ;	Ibep_Vrth	official_base_unchanged
COLSTAMP_Ibep_B	vbicload.c	b3abd28a43ee30204673eb1ea6f6fd5de0b049e2e03de168b25b94a2f86e2dcf	1379	                *(here->VBICbaseBPtempPtr) += -Ibep_Vrth;	if (here->VBIC_selfheat) block; Ibep element	VBICbaseBPNode	VBICtempNode	*(here->VBICbaseBPtempPtr) += -;	Ibep_Vrth	official_base_unchanged
COLSTAMP_Rcx_RHS	vbicload.c	b3abd28a43ee30204673eb1ea6f6fd5de0b049e2e03de168b25b94a2f86e2dcf	1383	                rhs_current = -Ircx_Vrth * Vrth;	if (here->VBIC_selfheat) block; Rcx element	N/A	N/A	                rhs_current = -Ircx_Vrth * Vrth;	Rcx_Vrth	official_base_unchanged
COLSTAMP_Rcx_A	vbicload.c	b3abd28a43ee30204673eb1ea6f6fd5de0b049e2e03de168b25b94a2f86e2dcf	1385	                *(here->VBICcollTempPtr)   +=  Ircx_Vrth;	if (here->VBIC_selfheat) block; Rcx element	VBICcollNode	VBICtempNode	*(here->VBICcollTempPtr) += ;	Rcx_Vrth	official_base_unchanged
COLSTAMP_Rcx_B	vbicload.c	b3abd28a43ee30204673eb1ea6f6fd5de0b049e2e03de168b25b94a2f86e2dcf	1387	                *(here->VBICcollCXtempPtr) += -Ircx_Vrth;	if (here->VBIC_selfheat) block; Rcx element	VBICcollCXNode	VBICtempNode	*(here->VBICcollCXtempPtr) += -;	Rcx_Vrth	official_base_unchanged
COLSTAMP_Rci_RHS	vbicload.c	b3abd28a43ee30204673eb1ea6f6fd5de0b049e2e03de168b25b94a2f86e2dcf	1391	                rhs_current = -Irci_Vrth*Vrth;	if (here->VBIC_selfheat) block; Rci element	N/A	N/A	                rhs_current = -Irci_Vrth*Vrth;	Rci_Vrth	official_base_unchanged
COLSTAMP_Rci_A	vbicload.c	b3abd28a43ee30204673eb1ea6f6fd5de0b049e2e03de168b25b94a2f86e2dcf	1393	                *(here->VBICcollCXtempPtr) +=  Irci_Vrth;	if (here->VBIC_selfheat) block; Rci element	VBICcollCXNode	VBICtempNode	*(here->VBICcollCXtempPtr) += ;	Rci_Vrth	official_base_unchanged
COLSTAMP_Rci_B	vbicload.c	b3abd28a43ee30204673eb1ea6f6fd5de0b049e2e03de168b25b94a2f86e2dcf	1395	                *(here->VBICcollCItempPtr) += -Irci_Vrth;	if (here->VBIC_selfheat) block; Rci element	VBICcollCINode	VBICtempNode	*(here->VBICcollCItempPtr) += -;	Rci_Vrth	official_base_unchanged
COLSTAMP_Rbx_RHS	vbicload.c	b3abd28a43ee30204673eb1ea6f6fd5de0b049e2e03de168b25b94a2f86e2dcf	1399	                rhs_current = -Irbx_Vrth * Vrth;	if (here->VBIC_selfheat) block; Rbx element	N/A	N/A	                rhs_current = -Irbx_Vrth * Vrth;	Rbx_Vrth	official_base_unchanged
COLSTAMP_Rbx_A	vbicload.c	b3abd28a43ee30204673eb1ea6f6fd5de0b049e2e03de168b25b94a2f86e2dcf	1401	                *(here->VBICbaseTempPtr)   +=  Irbx_Vrth;	if (here->VBIC_selfheat) block; Rbx element	VBICbaseNode	VBICtempNode	*(here->VBICbaseTempPtr) += ;	Rbx_Vrth	official_base_unchanged
COLSTAMP_Rbx_B	vbicload.c	b3abd28a43ee30204673eb1ea6f6fd5de0b049e2e03de168b25b94a2f86e2dcf	1403	                *(here->VBICbaseBXtempPtr) += -Irbx_Vrth;	if (here->VBIC_selfheat) block; Rbx element	VBICbaseBXNode	VBICtempNode	*(here->VBICbaseBXtempPtr) += -;	Rbx_Vrth	official_base_unchanged
COLSTAMP_Rbi_RHS	vbicload.c	b3abd28a43ee30204673eb1ea6f6fd5de0b049e2e03de168b25b94a2f86e2dcf	1407	                rhs_current = -Irbi_Vrth*Vrth;	if (here->VBIC_selfheat) block; Rbi element	N/A	N/A	                rhs_current = -Irbi_Vrth*Vrth;	Rbi_Vrth	official_base_unchanged
COLSTAMP_Rbi_A	vbicload.c	b3abd28a43ee30204673eb1ea6f6fd5de0b049e2e03de168b25b94a2f86e2dcf	1409	                *(here->VBICbaseBXtempPtr) +=  Irbi_Vrth;	if (here->VBIC_selfheat) block; Rbi element	VBICbaseBXNode	VBICtempNode	*(here->VBICbaseBXtempPtr) += ;	Rbi_Vrth	official_base_unchanged
COLSTAMP_Rbi_B	vbicload.c	b3abd28a43ee30204673eb1ea6f6fd5de0b049e2e03de168b25b94a2f86e2dcf	1411	                *(here->VBICbaseBItempPtr) += -Irbi_Vrth;	if (here->VBIC_selfheat) block; Rbi element	VBICbaseBINode	VBICtempNode	*(here->VBICbaseBItempPtr) += -;	Rbi_Vrth	official_base_unchanged
COLSTAMP_Re_RHS	vbicload.c	b3abd28a43ee30204673eb1ea6f6fd5de0b049e2e03de168b25b94a2f86e2dcf	1415	                rhs_current = -Ire_Vrth * Vrth;	if (here->VBIC_selfheat) block; Re element	N/A	N/A	                rhs_current = -Ire_Vrth * Vrth;	Re_Vrth	official_base_unchanged
COLSTAMP_Re_A	vbicload.c	b3abd28a43ee30204673eb1ea6f6fd5de0b049e2e03de168b25b94a2f86e2dcf	1417	                *(here->VBICemitTempPtr)   +=  Ire_Vrth;	if (here->VBIC_selfheat) block; Re element	VBICemitNode	VBICtempNode	*(here->VBICemitTempPtr) += ;	Re_Vrth	official_base_unchanged
COLSTAMP_Re_B	vbicload.c	b3abd28a43ee30204673eb1ea6f6fd5de0b049e2e03de168b25b94a2f86e2dcf	1419	                *(here->VBICemitEItempPtr) += -Ire_Vrth;	if (here->VBIC_selfheat) block; Re element	VBICemitEINode	VBICtempNode	*(here->VBICemitEItempPtr) += -;	Re_Vrth	official_base_unchanged
COLSTAMP_Irbp_RHS	vbicload.c	b3abd28a43ee30204673eb1ea6f6fd5de0b049e2e03de168b25b94a2f86e2dcf	1423	                rhs_current = -Irbp_Vrth*Vrth;	if (here->VBIC_selfheat) block; Irbp element	N/A	N/A	                rhs_current = -Irbp_Vrth*Vrth;	Irbp_Vrth	official_base_unchanged
COLSTAMP_Irbp_A	vbicload.c	b3abd28a43ee30204673eb1ea6f6fd5de0b049e2e03de168b25b94a2f86e2dcf	1425	                *(here->VBICbaseBPtempPtr) +=  Irbp_Vrth;	if (here->VBIC_selfheat) block; Irbp element	VBICbaseBPNode	VBICtempNode	*(here->VBICbaseBPtempPtr) += ;	Irbp_Vrth	official_base_unchanged
COLSTAMP_Irbp_B	vbicload.c	b3abd28a43ee30204673eb1ea6f6fd5de0b049e2e03de168b25b94a2f86e2dcf	1427	                *(here->VBICcollCXtempPtr) += -Irbp_Vrth;	if (here->VBIC_selfheat) block; Irbp element	VBICcollCXNode	VBICtempNode	*(here->VBICcollCXtempPtr) += -;	Irbp_Vrth	official_base_unchanged
COLSTAMP_Ibcp_RHS	vbicload.c	b3abd28a43ee30204673eb1ea6f6fd5de0b049e2e03de168b25b94a2f86e2dcf	1431	                rhs_current = -Ibcp_Vrth*Vrth;	if (here->VBIC_selfheat) block; Ibcp element	N/A	N/A	                rhs_current = -Ibcp_Vrth*Vrth;	Ibcp_Vrth	official_base_unchanged
COLSTAMP_Ibcp_A	vbicload.c	b3abd28a43ee30204673eb1ea6f6fd5de0b049e2e03de168b25b94a2f86e2dcf	1433	                *(here->VBICsubsSItempPtr) +=  Ibcp_Vrth;	if (here->VBIC_selfheat) block; Ibcp element	VBICsubsSINode	VBICtempNode	*(here->VBICsubsSItempPtr) += +;	Ibcp_Vrth	official_base_unchanged
COLSTAMP_Ibcp_B	vbicload.c	b3abd28a43ee30204673eb1ea6f6fd5de0b049e2e03de168b25b94a2f86e2dcf	1435	                *(here->VBICbaseBPtempPtr) += -Ibcp_Vrth;	if (here->VBIC_selfheat) block; Ibcp element	VBICbaseBPNode	VBICtempNode	*(here->VBICbaseBPtempPtr) += -;	Ibcp_Vrth	official_base_unchanged
COLSTAMP_Iccp_RHS	vbicload.c	b3abd28a43ee30204673eb1ea6f6fd5de0b049e2e03de168b25b94a2f86e2dcf	1439	                rhs_current = -Iccp_Vrth*Vrth;	if (here->VBIC_selfheat) block; Iccp element	N/A	N/A	                rhs_current = -Iccp_Vrth*Vrth;	Iccp_Vrth	official_base_unchanged
COLSTAMP_Iccp_A	vbicload.c	b3abd28a43ee30204673eb1ea6f6fd5de0b049e2e03de168b25b94a2f86e2dcf	1441	                *(here->VBICbaseBXtempPtr) +=  Iccp_Vrth;	if (here->VBIC_selfheat) block; Iccp element	VBICbaseBXNode	VBICtempNode	*(here->VBICbaseBXtempPtr) += ;	Iccp_Vrth	official_base_unchanged
COLSTAMP_Iccp_B	vbicload.c	b3abd28a43ee30204673eb1ea6f6fd5de0b049e2e03de168b25b94a2f86e2dcf	1443	                *(here->VBICsubsSItempPtr) += -Iccp_Vrth;	if (here->VBIC_selfheat) block; Iccp element	VBICsubsSINode	VBICtempNode	*(here->VBICsubsSItempPtr) += -;	Iccp_Vrth	official_base_unchanged
COLSTAMP_Rs_RHS	vbicload.c	b3abd28a43ee30204673eb1ea6f6fd5de0b049e2e03de168b25b94a2f86e2dcf	1447	                rhs_current = -Irs_Vrth * Vrth;	if (here->VBIC_selfheat) block; Rs element	N/A	N/A	                rhs_current = -Irs_Vrth * Vrth;	Rs_Vrth	official_base_unchanged
COLSTAMP_Rs_A	vbicload.c	b3abd28a43ee30204673eb1ea6f6fd5de0b049e2e03de168b25b94a2f86e2dcf	1449	                *(here->VBICsubsTempPtr)   +=  Irs_Vrth;	if (here->VBIC_selfheat) block; Rs element	VBICsubsNode	VBICtempNode	*(here->VBICsubsTempPtr) += ;	Rs_Vrth	official_base_unchanged
COLSTAMP_Rs_B	vbicload.c	b3abd28a43ee30204673eb1ea6f6fd5de0b049e2e03de168b25b94a2f86e2dcf	1451	                *(here->VBICsubsSItempPtr) += -Irs_Vrth;	if (here->VBIC_selfheat) block; Rs element	VBICsubsSINode	VBICtempNode	*(here->VBICsubsSItempPtr) += -;	Rs_Vrth	official_base_unchanged
ITH_I_DECL1	vbicload.c	b3abd28a43ee30204673eb1ea6f6fd5de0b049e2e03de168b25b94a2f86e2dcf	1627	double Ith_Ibc,Ith_Itzf,Ith_Itzr,Ith_Ibex,Ith_Ibep,Ith_Irs,Ith_Ibcp;	model function local declarations	N/A	N/A	double Ith_Ibc,Ith_Itzf,Ith_Itzr,Ith_Ibex,Ith_Ibep,Ith_Irs,Ith_Ibcp;	Ith_I* chain-rule factors	official_base_unchanged
ITH_I_DECL2	vbicload.c	b3abd28a43ee30204673eb1ea6f6fd5de0b049e2e03de168b25b94a2f86e2dcf	1628	double Ith_Iccp,Ith_Ircx,Ith_Irci,Ith_Irbx,Ith_Irbi,Ith_Ire,Ith_Irbp;	model function local declarations	N/A	N/A	double Ith_Iccp,Ith_Ircx,Ith_Irci,Ith_Irbx,Ith_Irbi,Ith_Ire,Ith_Irbp;	Ith_I* chain-rule factors	official_base_unchanged
ITH_I_RS	vbicload.c	b3abd28a43ee30204673eb1ea6f6fd5de0b049e2e03de168b25b94a2f86e2dcf	3984	    Ith_Irs=-(*Vrs);	model function Ith chain rule	N/A	N/A	Ith_Irs=-(*Vrs);	dVth/dIrs factor	official_base_unchanged
ITH_I_RE	vbicload.c	b3abd28a43ee30204673eb1ea6f6fd5de0b049e2e03de168b25b94a2f86e2dcf	3998	    Ith_Ire=-(*Vre);	model function Ith chain rule	N/A	N/A	Ith_Ire=-(*Vre);	dVth/dIre factor	official_base_unchanged
ITH_I_RBP	vbicload.c	b3abd28a43ee30204673eb1ea6f6fd5de0b049e2e03de168b25b94a2f86e2dcf	4000	    Ith_Irbp=-(*Vrbp);	model function Ith chain rule	N/A	N/A	Ith_Irbp=-(*Vrbp);	dVth/dIrbp factor	official_base_unchanged
ITH_VRS_CHAIN	vbicload.c	b3abd28a43ee30204673eb1ea6f6fd5de0b049e2e03de168b25b94a2f86e2dcf	4017	    *Ith_Vrs=(*Ith_Vrs)+Ith_Irs*(*Irs_Vrs);	model function Ith derivative assembly	N/A	N/A	*Ith_Vrs=(*Ith_Vrs)+Ith_Irs*(*Irs_Vrs);	chain rule	official_base_unchanged
ITH_VRTH_CHAIN	vbicload.c	b3abd28a43ee30204673eb1ea6f6fd5de0b049e2e03de168b25b94a2f86e2dcf	4018	    *Ith_Vrth=(*Ith_Vrth)+Ith_Irs*(*Irs_Vrth);	model function Ith derivative assembly	N/A	N/A	*Ith_Vrth=(*Ith_Vrth)+Ith_Irs*(*Irs_Vrth);	chain rule into Ith_Vrth	official_base_unchanged
ITH_VRE_CHAIN	vbicload.c	b3abd28a43ee30204673eb1ea6f6fd5de0b049e2e03de168b25b94a2f86e2dcf	4037	    *Ith_Vre=(*Ith_Vre)+Ith_Ire*(*Ire_Vre);	model function Ith derivative assembly	N/A	N/A	*Ith_Vre=(*Ith_Vre)+Ith_Ire*(*Ire_Vre);	chain rule	official_base_unchanged
ITH_VRTH_CHAIN2	vbicload.c	b3abd28a43ee30204673eb1ea6f6fd5de0b049e2e03de168b25b94a2f86e2dcf	4038	    *Ith_Vrth=(*Ith_Vrth)+Ith_Ire*(*Ire_Vrth);	model function Ith derivative assembly	N/A	N/A	*Ith_Vrth=(*Ith_Vrth)+Ith_Ire*(*Ire_Vrth);	chain rule into Ith_Vrth	official_base_unchanged
ITH_VRBP_CHAIN	vbicload.c	b3abd28a43ee30204673eb1ea6f6fd5de0b049e2e03de168b25b94a2f86e2dcf	4039	    *Ith_Vrbp=(*Ith_Vrbp)+Ith_Irbp*(*Irbp_Vrbp);	model function Ith derivative assembly	N/A	N/A	*Ith_Vrbp=(*Ith_Vrbp)+Ith_Irbp*(*Irbp_Vrbp);	chain rule	official_base_unchanged
ITH_VRTH_CHAIN3	vbicload.c	b3abd28a43ee30204673eb1ea6f6fd5de0b049e2e03de168b25b94a2f86e2dcf	4040	    *Ith_Vrth=(*Ith_Vrth)+Ith_Irbp*(*Irbp_Vrth);	model function Ith derivative assembly	N/A	N/A	*Ith_Vrth=(*Ith_Vrth)+Ith_Irbp*(*Irbp_Vrth);	chain rule into Ith_Vrth	official_base_unchanged
ITH_VBEP_CHAIN	vbicload.c	b3abd28a43ee30204673eb1ea6f6fd5de0b049e2e03de168b25b94a2f86e2dcf	4041	    *Ith_Vbep=(*Ith_Vbep)+Ith_Irbp*(*Irbp_Vbep);	model function Ith derivative assembly	N/A	N/A	*Ith_Vbep=(*Ith_Vbep)+Ith_Irbp*(*Irbp_Vbep);	chain rule	official_base_unchanged
ITH_VBCI_CHAIN	vbicload.c	b3abd28a43ee30204673eb1ea6f6fd5de0b049e2e03de168b25b94a2f86e2dcf	4042	    *Ith_Vbci=(*Ith_Vbci)+Ith_Irbp*(*Irbp_Vbci);	model function Ith derivative assembly	N/A	N/A	*Ith_Vbci=(*Ith_Vbci)+Ith_Irbp*(*Irbp_Vbci);	chain rule	official_base_unchanged
ORIGIN8_GUARD	vbicload.c	b3abd28a43ee30204673eb1ea6f6fd5de0b049e2e03de168b25b94a2f86e2dcf	503	                if (here->VBIC_selfheat) {	general load path (patched braced block)	N/A	N/A	if (here->VBIC_selfheat) {	here->VBIC_selfheat flag	diagnostic_addition_trace_subset
ORIGIN8_READ	vbicload.c	b3abd28a43ee30204673eb1ea6f6fd5de0b049e2e03de168b25b94a2f86e2dcf	504	                    Vrth = *(ckt->CKTrhsOld + here->VBICtempNode);	inside braced selfheat block (503-507)	VBICtempNode	N/A	Vrth = *(ckt->CKTrhsOld + here->VBICtempNode);	*(ckt->CKTrhsOld + here->VBICtempNode) - the actual runtime read that produced Origin 8	origin_boundary
ORIGIN8_TAG	vbicload.c	b3abd28a43ee30204673eb1ea6f6fd5de0b049e2e03de168b25b94a2f86e2dcf	505	                    vrth_origin = 8;    /* VRTH_ASSIGN_TEMPNODE_LOAD (line 484) */	inside braced selfheat block (503-507)	N/A	N/A	vrth_origin = 8;    /* VRTH_ASSIGN_TEMPNODE_LOAD (line 484) */	origin tag value 8	diagnostic_addition_trace_subset
ORIGIN8_SCALAR	vbicload.c	b3abd28a43ee30204673eb1ea6f6fd5de0b049e2e03de168b25b94a2f86e2dcf	506	                    vrth_origin_scalar = *(ckt->CKTrhsOld + here->VBICtempNode);	inside braced selfheat block (503-507)	VBICtempNode	N/A	vrth_origin_scalar = *(ckt->CKTrhsOld + here->VBICtempNode);	same CKTrhsOld read captured into origin scalar	diagnostic_addition_trace_subset
ORIGIN8_GUARD_CLOSE	vbicload.c	b3abd28a43ee30204673eb1ea6f6fd5de0b049e2e03de168b25b94a2f86e2dcf	507	                }	closes braced selfheat block	N/A	N/A	}	block close	diagnostic_addition_trace_subset
MARKER_COMMENT	vbicload.c	b3abd28a43ee30204673eb1ea6f6fd5de0b049e2e03de168b25b94a2f86e2dcf	693	                    /* [VBIC_VRTH_ORIGIN_DIAGNOSTIC] first-occurrence origin print for XQS_COMP_S */	selfheat limiter block (patched)	N/A	N/A	/* [VBIC_VRTH_ORIGIN_DIAGNOSTIC] first-occurrence origin print for XQS_COMP_S */	diagnostic comment	diagnostic_addition_trace_subset
MARKER_ONCE_FLAG	vbicload.c	b3abd28a43ee30204673eb1ea6f6fd5de0b049e2e03de168b25b94a2f86e2dcf	694	                    static bool vrth_origin_printed = FALSE;	selfheat limiter block	N/A	N/A	static bool vrth_origin_printed = FALSE;	first-occurrence once-only flag	diagnostic_addition_trace_subset
MARKER_NAMES	vbicload.c	b3abd28a43ee30204673eb1ea6f6fd5de0b049e2e03de168b25b94a2f86e2dcf	695	                    static const char *vrth_origin_names[] = {	selfheat limiter block	N/A	N/A	static const char *vrth_origin_names[] = {	origin name table	diagnostic_addition_trace_subset
MARKER_NAMES_ENTRY8	vbicload.c	b3abd28a43ee30204673eb1ea6f6fd5de0b049e2e03de168b25b94a2f86e2dcf	698	                        "predictor_line_293", "tempnode_pred_line_447", "tempnode_load_line_484"	origin name table	N/A	N/A	"predictor_line_293", "tempnode_pred_line_447", "tempnode_load_line_484"	origin 8 name = tempnode_load_line_484	diagnostic_addition_trace_subset
MARKER_COND_1	vbicload.c	b3abd28a43ee30204673eb1ea6f6fd5de0b049e2e03de168b25b94a2f86e2dcf	700	                    if (!vrth_origin_printed &&	first-occurrence guard condition	N/A	N/A	if (!vrth_origin_printed &&	once-only +	diagnostic_addition_trace_subset
MARKER_COND_2	vbicload.c	b3abd28a43ee30204673eb1ea6f6fd5de0b049e2e03de168b25b94a2f86e2dcf	701	                        (here->VBICname && strcmp(here->VBICname, "q.xdiv2.xqs_comp_s.qnpn13g2") == 0) &&	first-occurrence guard condition	N/A	N/A	(here->VBICname && strcmp(here->VBICname, "q.xdiv2.xqs_comp_s.qnpn13g2") == 0) &&	instance restriction to XQS_COMP_S +	diagnostic_addition_trace_subset
MARKER_COND_3	vbicload.c	b3abd28a43ee30204673eb1ea6f6fd5de0b049e2e03de168b25b94a2f86e2dcf	702	                        (isnan(Vrth) || isnan(*(ckt->CKTstate0 + here->VBICvrth)))) {	first-occurrence guard condition	N/A	N/A	(isnan(Vrth) || isnan(*(ckt->CKTstate0 + here->VBICvrth)))) {	NaN condition	diagnostic_addition_trace_subset
MARKER_PRINT	vbicload.c	b3abd28a43ee30204673eb1ea6f6fd5de0b049e2e03de168b25b94a2f86e2dcf	703	                        fprintf(stderr, "\n[VBIC_VRTH_ORIGIN_DIAGNOSTIC] Instance: %s | Origin: %d (%s) | OriginScalar: %a (isnan=%d) | Vrth(current): %a (isnan=%d) | Vrth(stored): %a (isnan=%d)\n\n",	guarded body (700-710)	N/A	N/A	fprintf(stderr, "\n[VBIC_VRTH_ORIGIN_DIAGNOSTIC] Instance: %s | Origin: %d (%s) | OriginScalar: %a (isnan=%d) | Vrth(current): %a (isnan=%d) | Vrth(stored): %a (isnan=%d)\n\n",	emitted marker literal	diagnostic_addition_trace_subset
MARKER_ARGS	vbicload.c	b3abd28a43ee30204673eb1ea6f6fd5de0b049e2e03de168b25b94a2f86e2dcf	704	                                here->VBICname, vrth_origin,	guarded body	N/A	N/A	here->VBICname, vrth_origin,	instance + origin tag	diagnostic_addition_trace_subset
MARKER_NAMELOOKUP	vbicload.c	b3abd28a43ee30204673eb1ea6f6fd5de0b049e2e03de168b25b94a2f86e2dcf	705	                                (vrth_origin >= 0 && vrth_origin <= 8) ? vrth_origin_names[vrth_origin] : "unknown",	guarded body	N/A	N/A	(vrth_origin >= 0 && vrth_origin <= 8) ? vrth_origin_names[vrth_origin] : "unknown",	origin name lookup	diagnostic_addition_trace_subset
MARKER_SCALAR_ARG	vbicload.c	b3abd28a43ee30204673eb1ea6f6fd5de0b049e2e03de168b25b94a2f86e2dcf	706	                                vrth_origin_scalar, isnan(vrth_origin_scalar) ? 1 : 0,	guarded body	N/A	N/A	vrth_origin_scalar, isnan(vrth_origin_scalar) ? 1 : 0,	origin scalar + isnan flag	diagnostic_addition_trace_subset
MARKER_CURRENT_ARG	vbicload.c	b3abd28a43ee30204673eb1ea6f6fd5de0b049e2e03de168b25b94a2f86e2dcf	707	                                Vrth, isnan(Vrth) ? 1 : 0,	guarded body	N/A	N/A	Vrth, isnan(Vrth) ? 1 : 0,	current Vrth + isnan flag	diagnostic_addition_trace_subset
MARKER_STORED_ARG	vbicload.c	b3abd28a43ee30204673eb1ea6f6fd5de0b049e2e03de168b25b94a2f86e2dcf	708	                                *(ckt->CKTstate0 + here->VBICvrth), isnan(*(ckt->CKTstate0 + here->VBICvrth)) ? 1 : 0);	guarded body	N/A	N/A	*(ckt->CKTstate0 + here->VBICvrth), isnan(*(ckt->CKTstate0 + here->VBICvrth)) ? 1 : 0);	stored VBICvrth + isnan flag	diagnostic_addition_trace_subset
MARKER_FLAG_SET	vbicload.c	b3abd28a43ee30204673eb1ea6f6fd5de0b049e2e03de168b25b94a2f86e2dcf	709	                        vrth_origin_printed = TRUE;	guarded body	N/A	N/A	vrth_origin_printed = TRUE;	once-only flag set	diagnostic_addition_trace_subset
MARKER_GUARD_CLOSE	vbicload.c	b3abd28a43ee30204673eb1ea6f6fd5de0b049e2e03de168b25b94a2f86e2dcf	710	                    }	closes inner guarded block	N/A	N/A	}	inner block close	diagnostic_addition_trace_subset
MARKER_DEVLIMITLOG_1	vbicload.c	b3abd28a43ee30204673eb1ea6f6fd5de0b049e2e03de168b25b94a2f86e2dcf	711	                    Vrth = DEVlimitlog(Vrth,	selfheat limiter block (unchanged official call)	N/A	N/A	Vrth = DEVlimitlog(Vrth,	limiter call (unchanged)	official_base_unchanged
MARKER_DEVLIMITLOG_2	vbicload.c	b3abd28a43ee30204673eb1ea6f6fd5de0b049e2e03de168b25b94a2f86e2dcf	712	                        *(ckt->CKTstate0 + here->VBICvrth),100,&ichk6);	selfheat limiter block (unchanged official call)	N/A	N/A	*(ckt->CKTstate0 + here->VBICvrth),100,&ichk6);	limiter call (unchanged)	official_base_unchanged
ORIGIN_DECL	vbicload.c	b3abd28a43ee30204673eb1ea6f6fd5de0b049e2e03de168b25b94a2f86e2dcf	69	    int vrth_origin = 0;            /* origin 0 = declaration initializer (line 50) */	function local declarations (patched)	N/A	N/A	int vrth_origin = 0;            /* origin 0 = declaration initializer (line 50) */	origin 0 = declaration path	diagnostic_addition_trace_subset
ORIGIN_SCALAR_DECL	vbicload.c	b3abd28a43ee30204673eb1ea6f6fd5de0b049e2e03de168b25b94a2f86e2dcf	70	    double vrth_origin_scalar = 0.0; /* exact source scalar used by the last Vrth assignment */	function local declarations (patched)	N/A	N/A	double vrth_origin_scalar = 0.0; /* exact source scalar used by the last Vrth assignment */	origin scalar capture	diagnostic_addition_trace_subset
ORIGIN1_TAG	vbicload.c	b3abd28a43ee30204673eb1ea6f6fd5de0b049e2e03de168b25b94a2f86e2dcf	207	                    vrth_origin = 1;    /* VRTH_ASSIGN_SMSIG (line 203) */	braced selfheat block 205-209 (patched)	N/A	N/A	vrth_origin = 1;    /* VRTH_ASSIGN_SMSIG (line 203) */	origin 1 = SMSIG	diagnostic_addition_trace_subset
ORIGIN2_TAG	vbicload.c	b3abd28a43ee30204673eb1ea6f6fd5de0b049e2e03de168b25b94a2f86e2dcf	242	                    vrth_origin = 2;    /* VRTH_ASSIGN_INITTRAN (line 235) */	braced selfheat block 240-244 (patched)	N/A	N/A	vrth_origin = 2;    /* VRTH_ASSIGN_INITTRAN (line 235) */	origin 2 = INITTRAN	diagnostic_addition_trace_subset
ORIGIN3_TAG	vbicload.c	b3abd28a43ee30204673eb1ea6f6fd5de0b049e2e03de168b25b94a2f86e2dcf	258	                vrth_origin = 3;        /* VRTH_ASSIGN_UIC_ZERO (line 248) */	MODEINITJCT&&MODETRANOP&&MODEUIC else-if block (patched)	N/A	N/A	vrth_origin = 3;        /* VRTH_ASSIGN_UIC_ZERO (line 248) */	origin 3 = UIC_ZERO	diagnostic_addition_trace_subset
ORIGIN4_TAG	vbicload.c	b3abd28a43ee30204673eb1ea6f6fd5de0b049e2e03de168b25b94a2f86e2dcf	269	                vrth_origin = 4;        /* VRTH_ASSIGN_JCTON_ZERO (line 257) */	MODEINITJCT&&VBICoff==0 else-if block (patched)	N/A	N/A	vrth_origin = 4;        /* VRTH_ASSIGN_JCTON_ZERO (line 257) */	origin 4 = JCTON_ZERO	diagnostic_addition_trace_subset
ORIGIN5_TAG	vbicload.c	b3abd28a43ee30204673eb1ea6f6fd5de0b049e2e03de168b25b94a2f86e2dcf	282	                vrth_origin = 5;        /* VRTH_ASSIGN_JCTOFF_ZERO (line 268) */	MODEINITJCT||(MODEINITFIX&&VBICoff!=0) else-if block (patched)	N/A	N/A	vrth_origin = 5;        /* VRTH_ASSIGN_JCTOFF_ZERO (line 268) */	origin 5 = JCTOFF_ZERO	diagnostic_addition_trace_subset
ORIGIN6_TAG	vbicload.c	b3abd28a43ee30204673eb1ea6f6fd5de0b049e2e03de168b25b94a2f86e2dcf	310	                        vrth_origin = 6;    /* VRTH_ASSIGN_PREDICTOR (lines 293-294) */	braced selfheat block 307-314 (patched)	N/A	N/A	vrth_origin = 6;    /* VRTH_ASSIGN_PREDICTOR (lines 293-294) */	origin 6 = PREDICTOR	diagnostic_addition_trace_subset
ORIGIN7_TAG	vbicload.c	b3abd28a43ee30204673eb1ea6f6fd5de0b049e2e03de168b25b94a2f86e2dcf	465	                        vrth_origin = 7;    /* VRTH_ASSIGN_TEMPNODE_PRED (line 447) */	braced selfheat block 463-467 (patched)	N/A	N/A	vrth_origin = 7;    /* VRTH_ASSIGN_TEMPNODE_PRED (line 447) */	origin 7 = TEMPNODE_PRED	diagnostic_addition_trace_subset
BRIDGE_OFFICIAL_BASE	vbicload.c	b3abd28a43ee30204673eb1ea6f6fd5de0b049e2e03de168b25b94a2f86e2dcf	N/A	official base vbicload.c SHA-256 752518c6b2c943e901ed4f20199aa80e66b04820de9db7ecae774e20a0d746f5 (177252 B, 4118 lines)	official source identity	N/A	N/A	official base vbicload.c SHA-256 752518c6b2c943e901ed4f20199aa80e66b04820de9db7ecae774e20a0d746f5 (177252 B, 4118 lines)	official base	bridge_row
BRIDGE_PATCH	vbicload.c	b3abd28a43ee30204673eb1ea6f6fd5de0b049e2e03de168b25b94a2f86e2dcf	N/A	NGSPICE46-VBIC-VRTH-ORIGIN-DIAGNOSTIC-V2.patch SHA-256 ae2c5e77827a8e1a9ed742a79e3915391318af1870014b343cbc6e4ef64932e0 (7007 B, 45 additions, 4 deletions)	patch identity	N/A	N/A	NGSPICE46-VBIC-VRTH-ORIGIN-DIAGNOSTIC-V2.patch SHA-256 ae2c5e77827a8e1a9ed742a79e3915391318af1870014b343cbc6e4ef64932e0 (7007 B, 45 additions, 4 deletions)	diagnostic patch	bridge_row
BRIDGE_PATCHED	vbicload.c	b3abd28a43ee30204673eb1ea6f6fd5de0b049e2e03de168b25b94a2f86e2dcf	N/A	patched vbicload.c SHA-256 b3abd28a43ee30204673eb1ea6f6fd5de0b049e2e03de168b25b94a2f86e2dcf (180328 B, 4159 lines)	patched source identity	N/A	N/A	patched vbicload.c SHA-256 b3abd28a43ee30204673eb1ea6f6fd5de0b049e2e03de168b25b94a2f86e2dcf (180328 B, 4159 lines)	patched source	bridge_row
BRIDGE_RECONSTRUCTION	vbicload.c	b3abd28a43ee30204673eb1ea6f6fd5de0b049e2e03de168b25b94a2f86e2dcf	N/A	fresh extract of official tarball a0d1699a + patch -p0 ae2c5e77 -> applied file SHA-256 b3abd28a43ee30204673eb1ea6f6fd5de0b049e2e03de168b25b94a2f86e2dcf (byte-for-byte)	mechanical reconstruction	N/A	N/A	fresh extract of official tarball a0d1699a + patch -p0 ae2c5e77 -> applied file SHA-256 b3abd28a43ee30204673eb1ea6f6fd5de0b049e2e03de168b25b94a2f86e2dcf (byte-for-byte)	reconstruction	bridge_row
BRIDGE_UNCHANGED_LITERALS	vbicload.c	b3abd28a43ee30204673eb1ea6f6fd5de0b049e2e03de168b25b94a2f86e2dcf	N/A	all 181 V1 numeric-line literals byte-identical between official base and patched source (verified via SequenceMatcher line map); vbicload.c trace rows in this TSV are bound to patched line numbers	literal classification	N/A	N/A	all 181 V1 numeric-line literals byte-identical between official base and patched source (verified via SequenceMatcher line map); vbicload.c trace rows in this TSV are bound to patched line numbers	unchanged literals	bridge_row
BRIDGE_DIAGNOSTIC_ADDITIONS	vbicload.c	b3abd28a43ee30204673eb1ea6f6fd5de0b049e2e03de168b25b94a2f86e2dcf	N/A	exact patch inventory: 45 additions / 4 deletions (git apply --numstat ae2c5e77); breakdown 3 declaration/comment + 8 structural bracing (4 opening guards replacing 4 deleted unbraced guards + 4 closing braces) + 16 origin tag/scalar + 18 marker-block = 45; the 28 diagnostic_addition_trace_subset rows are a SELECTED TRACE SUBSET, not the complete patch inventory - see PATCH_ADD_*/PATCH_DEL_* rows	bridge correction	N/A	N/A	45 additions / 4 deletions; 3+8+16+18 breakdown	patch ae2c5e77	bridge_row
SEARCH_TEMPNODE_vbicload	vbicload.c	b3abd28a43ee30204673eb1ea6f6fd5de0b049e2e03de168b25b94a2f86e2dcf	N/A	VBICtempNode occurrences: 6	mechanical token count	N/A	N/A	VBICtempNode occurrences: 6	token scan (vbicload.c rows bound to patched identity)	search_reconciliation
SEARCH_TEMPNODE_vbicdefs	vbicdefs.h	0185f8162e02de0cf9c332bbc827d6e43af9a1c494e8e86642b2d7d8ec57ef9b	N/A	VBICtempNode occurrences: 1	mechanical token count	N/A	N/A	VBICtempNode occurrences: 1	token scan (vbicload.c rows bound to patched identity)	search_reconciliation
SEARCH_TEMPNODE_vbicsetup	vbicsetup.c	f711c83cb3811d4a0fad08a2d16fbe79416886330417b4c26b3c4f46a5483d79	N/A	VBICtempNode occurrences: 25	mechanical token count	N/A	N/A	VBICtempNode occurrences: 25	token scan (vbicload.c rows bound to patched identity)	search_reconciliation
SEARCH_TEMPNODE_vbicbindCSC	vbicbindCSC.c	207ef662c2c26fbd5e8236810c10dd8f8c68b2f22b42999f1d2ec3bfefc89810	N/A	VBICtempNode occurrences: 75	mechanical token count	N/A	N/A	VBICtempNode occurrences: 75	token scan (vbicload.c rows bound to patched identity)	search_reconciliation
SEARCH_TEMPNODE_vbicinit	vbicinit.c	0c535654516c210e2cfd28ec1623544f974d21dd599ed9709a31d7fbfbf670a8	N/A	VBICtempNode occurrences: 0	mechanical token count	N/A	N/A	VBICtempNode occurrences: 0	token scan (vbicload.c rows bound to patched identity)	search_reconciliation
SEARCH_STAMP_TEMPROW	vbicload.c	b3abd28a43ee30204673eb1ea6f6fd5de0b049e2e03de168b25b94a2f86e2dcf	N/A	VBICtemp*Ptr stamp statements (temp-row): 33	mechanical token count	N/A	N/A	VBICtemp*Ptr stamp statements (temp-row): 33	temp-row stamp scan (patched)	search_reconciliation
SEARCH_STAMP_TEMPCOL	vbicload.c	b3abd28a43ee30204673eb1ea6f6fd5de0b049e2e03de168b25b94a2f86e2dcf	N/A	*[tT]empPtr stamp statements (temp-column): 29 (incl. VBICxf1TempPtr at patched line 1511)	mechanical token count	N/A	N/A	*[tT]empPtr stamp statements (temp-column): 29 (incl. VBICxf1TempPtr at patched line 1511)	temp-column stamp scan (patched)	search_reconciliation
SEARCH_THERMAL_SYMBOLS	vbicload.c	b3abd28a43ee30204673eb1ea6f6fd5de0b049e2e03de168b25b94a2f86e2dcf	N/A	Irth=16 | Irth_Vrth=9 | Ith=317 | Ith_Vrth=37 | Ith_Vbei=20 | Ith_Vbci=24 | Ith_Vcei=10 | Ith_Vbex=12 | Ith_Vbep=16 | Ith_Vrs=12 | Ith_Vbcp=14 | Ith_Vcep=10 | Ith_Vrcx=12 | Ith_Vrci=12 | Ith_Vbcx=10 | Ith_Vrbx=12 | Ith_Vrbi=12 | Ith_Vre=12 | Ith_Vrbp=12 | Qcth=16 | Qcth_Vrth=9 | Icth=17 | Icth_Vrth=9 | VBICqcth=6 | VBICcqcth=4 | VBICicth_Vrth=1 | VBICcapcth=2 | vrth_origin=29 | vrth_origin_scalar=11 | CKTrhsOld=65 | VBICtempNode=6	mechanical token count	N/A	N/A	Irth=16 | Irth_Vrth=9 | Ith=317 | Ith_Vrth=37 | Ith_Vbei=20 | Ith_Vbci=24 | Ith_Vcei=10 | Ith_Vbex=12 | Ith_Vbep=16 | Ith_Vrs=12 | Ith_Vbcp=14 | Ith_Vcep=10 | Ith_Vrcx=12 | Ith_Vrci=12 | Ith_Vbcx=10 | Ith_Vrbx=12 | Ith_Vrbi=12 | Ith_Vre=12 | Ith_Vrbp=12 | Qcth=16 | Qcth_Vrth=9 | Icth=17 | Icth_Vrth=9 | VBICqcth=6 | VBICcqcth=4 | VBICicth_Vrth=1 | VBICcapcth=2 | vrth_origin=29 | vrth_origin_scalar=11 | CKTrhsOld=65 | VBICtempNode=6	thermal symbol scan (patched identity)	search_reconciliation
SEARCH_THERMAL_DEFS	vbicdefs.h	0185f8162e02de0cf9c332bbc827d6e43af9a1c494e8e86642b2d7d8ec57ef9b	N/A	VBICqcth=1 | VBICcqcth=1 | VBICicth_Vrth=1 | VBICcapcth=1 | VBICvrth=1 | VBICtempNode=1	mechanical token count	N/A	N/A	VBICqcth=1 | VBICcqcth=1 | VBICicth_Vrth=1 | VBICcapcth=1 | VBICvrth=1 | VBICtempNode=1	thermal state macro scan	search_reconciliation
SEARCH_CKTRHSOLD_BRIDGE	vbicload.c	b3abd28a43ee30204673eb1ea6f6fd5de0b049e2e03de168b25b94a2f86e2dcf	N/A	CKTrhsOld official=63 patched=65 (delta 2 from origin_scalar captures at patched 466, 506)	bridge token delta	N/A	N/A	CKTrhsOld official=63 patched=65 (delta 2 from origin_scalar captures at patched 466, 506)	bridge delta	search_reconciliation
BRIDGE_PATCH_NUMSTAT	vbicload.c	N/A	N/A	git apply --numstat NGSPICE46-VBIC-VRTH-ORIGIN-DIAGNOSTIC-V2.patch = 45 additions / 4 deletions	exact numstat	N/A	N/A	git apply --numstat NGSPICE46-VBIC-VRTH-ORIGIN-DIAGNOSTIC-V2.patch = 45 additions / 4 deletions	patch ae2c5e77	bridge_row
BRIDGE_BREAKDOWN_45	vbicload.c	N/A	N/A	3 declaration/comment lines (patched 68-70) + 8 structural bracing lines (4 opening guards patched 205/240/463/503 replacing deleted official 202/234/446/483; 4 closing braces patched 209/244/467/507) + 16 origin tag/scalar lines (patched 207-208, 242-243, 258-259, 269-270, 282-283, 310-311, 465-466, 505-506) + 18 marker-block lines (patched 693-710) = 45	exact breakdown	N/A	N/A	3 declaration/comment lines (patched 68-70) + 8 structural bracing lines (4 opening guards patched 205/240/463/503 replacing deleted official 202/234/446/483; 4 closing braces patched 209/244/467/507) + 16 origin tag/scalar lines (patched 207-208, 242-243, 258-259, 269-270, 282-283, 310-311, 465-466, 505-506) + 18 marker-block lines (patched 693-710) = 45	patch ae2c5e77	bridge_row
PATCH_ADD_01	vbicload.c	b3abd28a43ee30204673eb1ea6f6fd5de0b049e2e03de168b25b94a2f86e2dcf	68	    /* [VBIC_VRTH_ORIGIN_DIAGNOSTIC] read-only local origin tag instrumentation */	patch addition 1 of 45 (category declaration_comment)	N/A	N/A	    /* [VBIC_VRTH_ORIGIN_DIAGNOSTIC] read-only local origin tag instrumentation */	category: declaration_comment	patch_reconciliation
PATCH_ADD_02	vbicload.c	b3abd28a43ee30204673eb1ea6f6fd5de0b049e2e03de168b25b94a2f86e2dcf	69	    int vrth_origin = 0;            /* origin 0 = declaration initializer (line 50) */	patch addition 2 of 45 (category declaration_comment)	N/A	N/A	    int vrth_origin = 0;            /* origin 0 = declaration initializer (line 50) */	category: declaration_comment	patch_reconciliation
PATCH_ADD_03	vbicload.c	b3abd28a43ee30204673eb1ea6f6fd5de0b049e2e03de168b25b94a2f86e2dcf	70	    double vrth_origin_scalar = 0.0; /* exact source scalar used by the last Vrth assignment */	patch addition 3 of 45 (category declaration_comment)	N/A	N/A	    double vrth_origin_scalar = 0.0; /* exact source scalar used by the last Vrth assignment */	category: declaration_comment	patch_reconciliation
PATCH_ADD_04	vbicload.c	b3abd28a43ee30204673eb1ea6f6fd5de0b049e2e03de168b25b94a2f86e2dcf	205	                if (here->VBIC_selfheat) {	patch addition 4 of 45 (category structural_bracing_open)	N/A	N/A	                if (here->VBIC_selfheat) {	category: structural_bracing_open	patch_reconciliation
PATCH_ADD_05	vbicload.c	b3abd28a43ee30204673eb1ea6f6fd5de0b049e2e03de168b25b94a2f86e2dcf	207	                    vrth_origin = 1;    /* VRTH_ASSIGN_SMSIG (line 203) */	patch addition 5 of 45 (category origin_tag)	N/A	N/A	                    vrth_origin = 1;    /* VRTH_ASSIGN_SMSIG (line 203) */	category: origin_tag	patch_reconciliation
PATCH_ADD_06	vbicload.c	b3abd28a43ee30204673eb1ea6f6fd5de0b049e2e03de168b25b94a2f86e2dcf	208	                    vrth_origin_scalar = *(ckt->CKTstate0 + here->VBICvrth);	patch addition 6 of 45 (category origin_scalar)	N/A	N/A	                    vrth_origin_scalar = *(ckt->CKTstate0 + here->VBICvrth);	category: origin_scalar	patch_reconciliation
PATCH_ADD_07	vbicload.c	b3abd28a43ee30204673eb1ea6f6fd5de0b049e2e03de168b25b94a2f86e2dcf	209	                }	patch addition 7 of 45 (category structural_bracing_close)	N/A	N/A	                }	category: structural_bracing_close	patch_reconciliation
PATCH_ADD_08	vbicload.c	b3abd28a43ee30204673eb1ea6f6fd5de0b049e2e03de168b25b94a2f86e2dcf	240	                if (here->VBIC_selfheat) {	patch addition 8 of 45 (category structural_bracing_open)	N/A	N/A	                if (here->VBIC_selfheat) {	category: structural_bracing_open	patch_reconciliation
PATCH_ADD_09	vbicload.c	b3abd28a43ee30204673eb1ea6f6fd5de0b049e2e03de168b25b94a2f86e2dcf	242	                    vrth_origin = 2;    /* VRTH_ASSIGN_INITTRAN (line 235) */	patch addition 9 of 45 (category origin_tag)	N/A	N/A	                    vrth_origin = 2;    /* VRTH_ASSIGN_INITTRAN (line 235) */	category: origin_tag	patch_reconciliation
PATCH_ADD_10	vbicload.c	b3abd28a43ee30204673eb1ea6f6fd5de0b049e2e03de168b25b94a2f86e2dcf	243	                    vrth_origin_scalar = *(ckt->CKTstate1 + here->VBICvrth);	patch addition 10 of 45 (category origin_scalar)	N/A	N/A	                    vrth_origin_scalar = *(ckt->CKTstate1 + here->VBICvrth);	category: origin_scalar	patch_reconciliation
PATCH_ADD_11	vbicload.c	b3abd28a43ee30204673eb1ea6f6fd5de0b049e2e03de168b25b94a2f86e2dcf	244	                }	patch addition 11 of 45 (category structural_bracing_close)	N/A	N/A	                }	category: structural_bracing_close	patch_reconciliation
PATCH_ADD_12	vbicload.c	b3abd28a43ee30204673eb1ea6f6fd5de0b049e2e03de168b25b94a2f86e2dcf	258	                vrth_origin = 3;        /* VRTH_ASSIGN_UIC_ZERO (line 248) */	patch addition 12 of 45 (category origin_tag)	N/A	N/A	                vrth_origin = 3;        /* VRTH_ASSIGN_UIC_ZERO (line 248) */	category: origin_tag	patch_reconciliation
PATCH_ADD_13	vbicload.c	b3abd28a43ee30204673eb1ea6f6fd5de0b049e2e03de168b25b94a2f86e2dcf	259	                vrth_origin_scalar = 0.0;	patch addition 13 of 45 (category origin_scalar)	N/A	N/A	                vrth_origin_scalar = 0.0;	category: origin_scalar	patch_reconciliation
PATCH_ADD_14	vbicload.c	b3abd28a43ee30204673eb1ea6f6fd5de0b049e2e03de168b25b94a2f86e2dcf	269	                vrth_origin = 4;        /* VRTH_ASSIGN_JCTON_ZERO (line 257) */	patch addition 14 of 45 (category origin_tag)	N/A	N/A	                vrth_origin = 4;        /* VRTH_ASSIGN_JCTON_ZERO (line 257) */	category: origin_tag	patch_reconciliation
PATCH_ADD_15	vbicload.c	b3abd28a43ee30204673eb1ea6f6fd5de0b049e2e03de168b25b94a2f86e2dcf	270	                vrth_origin_scalar = 0.0;	patch addition 15 of 45 (category origin_scalar)	N/A	N/A	                vrth_origin_scalar = 0.0;	category: origin_scalar	patch_reconciliation
PATCH_ADD_16	vbicload.c	b3abd28a43ee30204673eb1ea6f6fd5de0b049e2e03de168b25b94a2f86e2dcf	282	                vrth_origin = 5;        /* VRTH_ASSIGN_JCTOFF_ZERO (line 268) */	patch addition 16 of 45 (category origin_tag)	N/A	N/A	                vrth_origin = 5;        /* VRTH_ASSIGN_JCTOFF_ZERO (line 268) */	category: origin_tag	patch_reconciliation
PATCH_ADD_17	vbicload.c	b3abd28a43ee30204673eb1ea6f6fd5de0b049e2e03de168b25b94a2f86e2dcf	283	                vrth_origin_scalar = 0.0;	patch addition 17 of 45 (category origin_scalar)	N/A	N/A	                vrth_origin_scalar = 0.0;	category: origin_scalar	patch_reconciliation
PATCH_ADD_18	vbicload.c	b3abd28a43ee30204673eb1ea6f6fd5de0b049e2e03de168b25b94a2f86e2dcf	310	                        vrth_origin = 6;    /* VRTH_ASSIGN_PREDICTOR (lines 293-294) */	patch addition 18 of 45 (category origin_tag)	N/A	N/A	                        vrth_origin = 6;    /* VRTH_ASSIGN_PREDICTOR (lines 293-294) */	category: origin_tag	patch_reconciliation
PATCH_ADD_19	vbicload.c	b3abd28a43ee30204673eb1ea6f6fd5de0b049e2e03de168b25b94a2f86e2dcf	311	                        vrth_origin_scalar = (1.0 + xfact)* (*(ckt->CKTstate1 + here->VBICvrth)) - ( xfact * (*(ckt->CKTstate2 + here->VBICvrth)));	patch addition 19 of 45 (category origin_scalar)	N/A	N/A	                        vrth_origin_scalar = (1.0 + xfact)* (*(ckt->CKTstate1 + here->VBICvrth)) - ( xfact * (*(ckt->CKTstate2 + here->VBICvrth)));	category: origin_scalar	patch_reconciliation
PATCH_ADD_20	vbicload.c	b3abd28a43ee30204673eb1ea6f6fd5de0b049e2e03de168b25b94a2f86e2dcf	463	                    if (here->VBIC_selfheat) {	patch addition 20 of 45 (category structural_bracing_open)	N/A	N/A	                    if (here->VBIC_selfheat) {	category: structural_bracing_open	patch_reconciliation
PATCH_ADD_21	vbicload.c	b3abd28a43ee30204673eb1ea6f6fd5de0b049e2e03de168b25b94a2f86e2dcf	465	                        vrth_origin = 7;    /* VRTH_ASSIGN_TEMPNODE_PRED (line 447) */	patch addition 21 of 45 (category origin_tag)	N/A	N/A	                        vrth_origin = 7;    /* VRTH_ASSIGN_TEMPNODE_PRED (line 447) */	category: origin_tag	patch_reconciliation
PATCH_ADD_22	vbicload.c	b3abd28a43ee30204673eb1ea6f6fd5de0b049e2e03de168b25b94a2f86e2dcf	466	                        vrth_origin_scalar = *(ckt->CKTrhsOld + here->VBICtempNode);	patch addition 22 of 45 (category origin_scalar)	N/A	N/A	                        vrth_origin_scalar = *(ckt->CKTrhsOld + here->VBICtempNode);	category: origin_scalar	patch_reconciliation
PATCH_ADD_23	vbicload.c	b3abd28a43ee30204673eb1ea6f6fd5de0b049e2e03de168b25b94a2f86e2dcf	467	                    }	patch addition 23 of 45 (category structural_bracing_close)	N/A	N/A	                    }	category: structural_bracing_close	patch_reconciliation
PATCH_ADD_24	vbicload.c	b3abd28a43ee30204673eb1ea6f6fd5de0b049e2e03de168b25b94a2f86e2dcf	503	                if (here->VBIC_selfheat) {	patch addition 24 of 45 (category structural_bracing_open)	N/A	N/A	                if (here->VBIC_selfheat) {	category: structural_bracing_open	patch_reconciliation
PATCH_ADD_25	vbicload.c	b3abd28a43ee30204673eb1ea6f6fd5de0b049e2e03de168b25b94a2f86e2dcf	505	                    vrth_origin = 8;    /* VRTH_ASSIGN_TEMPNODE_LOAD (line 484) */	patch addition 25 of 45 (category origin_tag)	N/A	N/A	                    vrth_origin = 8;    /* VRTH_ASSIGN_TEMPNODE_LOAD (line 484) */	category: origin_tag	patch_reconciliation
PATCH_ADD_26	vbicload.c	b3abd28a43ee30204673eb1ea6f6fd5de0b049e2e03de168b25b94a2f86e2dcf	506	                    vrth_origin_scalar = *(ckt->CKTrhsOld + here->VBICtempNode);	patch addition 26 of 45 (category origin_scalar)	N/A	N/A	                    vrth_origin_scalar = *(ckt->CKTrhsOld + here->VBICtempNode);	category: origin_scalar	patch_reconciliation
PATCH_ADD_27	vbicload.c	b3abd28a43ee30204673eb1ea6f6fd5de0b049e2e03de168b25b94a2f86e2dcf	507	                }	patch addition 27 of 45 (category structural_bracing_close)	N/A	N/A	                }	category: structural_bracing_close	patch_reconciliation
PATCH_ADD_28	vbicload.c	b3abd28a43ee30204673eb1ea6f6fd5de0b049e2e03de168b25b94a2f86e2dcf	693	                    /* [VBIC_VRTH_ORIGIN_DIAGNOSTIC] first-occurrence origin print for XQS_COMP_S */	patch addition 28 of 45 (category marker_block)	N/A	N/A	                    /* [VBIC_VRTH_ORIGIN_DIAGNOSTIC] first-occurrence origin print for XQS_COMP_S */	category: marker_block	patch_reconciliation
PATCH_ADD_29	vbicload.c	b3abd28a43ee30204673eb1ea6f6fd5de0b049e2e03de168b25b94a2f86e2dcf	694	                    static bool vrth_origin_printed = FALSE;	patch addition 29 of 45 (category marker_block)	N/A	N/A	                    static bool vrth_origin_printed = FALSE;	category: marker_block	patch_reconciliation
PATCH_ADD_30	vbicload.c	b3abd28a43ee30204673eb1ea6f6fd5de0b049e2e03de168b25b94a2f86e2dcf	695	                    static const char *vrth_origin_names[] = {	patch addition 30 of 45 (category marker_block)	N/A	N/A	                    static const char *vrth_origin_names[] = {	category: marker_block	patch_reconciliation
PATCH_ADD_31	vbicload.c	b3abd28a43ee30204673eb1ea6f6fd5de0b049e2e03de168b25b94a2f86e2dcf	696	                        "declaration_line_50", "smsig_line_203", "inittran_line_235",	patch addition 31 of 45 (category marker_block)	N/A	N/A	                        "declaration_line_50", "smsig_line_203", "inittran_line_235",	category: marker_block	patch_reconciliation
PATCH_ADD_32	vbicload.c	b3abd28a43ee30204673eb1ea6f6fd5de0b049e2e03de168b25b94a2f86e2dcf	697	                        "uic_zero_line_248", "jcton_zero_line_257", "jctoff_zero_line_268",	patch addition 32 of 45 (category marker_block)	N/A	N/A	                        "uic_zero_line_248", "jcton_zero_line_257", "jctoff_zero_line_268",	category: marker_block	patch_reconciliation
PATCH_ADD_33	vbicload.c	b3abd28a43ee30204673eb1ea6f6fd5de0b049e2e03de168b25b94a2f86e2dcf	698	                        "predictor_line_293", "tempnode_pred_line_447", "tempnode_load_line_484"	patch addition 33 of 45 (category marker_block)	N/A	N/A	                        "predictor_line_293", "tempnode_pred_line_447", "tempnode_load_line_484"	category: marker_block	patch_reconciliation
PATCH_ADD_34	vbicload.c	b3abd28a43ee30204673eb1ea6f6fd5de0b049e2e03de168b25b94a2f86e2dcf	699	                    };	patch addition 34 of 45 (category marker_block)	N/A	N/A	                    };	category: marker_block	patch_reconciliation
PATCH_ADD_35	vbicload.c	b3abd28a43ee30204673eb1ea6f6fd5de0b049e2e03de168b25b94a2f86e2dcf	700	                    if (!vrth_origin_printed &&	patch addition 35 of 45 (category marker_block)	N/A	N/A	                    if (!vrth_origin_printed &&	category: marker_block	patch_reconciliation
PATCH_ADD_36	vbicload.c	b3abd28a43ee30204673eb1ea6f6fd5de0b049e2e03de168b25b94a2f86e2dcf	701	                        (here->VBICname && strcmp(here->VBICname, "q.xdiv2.xqs_comp_s.qnpn13g2") == 0) &&	patch addition 36 of 45 (category marker_block)	N/A	N/A	                        (here->VBICname && strcmp(here->VBICname, "q.xdiv2.xqs_comp_s.qnpn13g2") == 0) &&	category: marker_block	patch_reconciliation
PATCH_ADD_37	vbicload.c	b3abd28a43ee30204673eb1ea6f6fd5de0b049e2e03de168b25b94a2f86e2dcf	702	                        (isnan(Vrth) || isnan(*(ckt->CKTstate0 + here->VBICvrth)))) {	patch addition 37 of 45 (category marker_block)	N/A	N/A	                        (isnan(Vrth) || isnan(*(ckt->CKTstate0 + here->VBICvrth)))) {	category: marker_block	patch_reconciliation
PATCH_ADD_38	vbicload.c	b3abd28a43ee30204673eb1ea6f6fd5de0b049e2e03de168b25b94a2f86e2dcf	703	                        fprintf(stderr, "\n[VBIC_VRTH_ORIGIN_DIAGNOSTIC] Instance: %s | Origin: %d (%s) | OriginScalar: %a (isnan=%d) | Vrth(current): %a (isnan=%d) | Vrth(stored): %a (isnan=%d)\n\n",	patch addition 38 of 45 (category marker_block)	N/A	N/A	                        fprintf(stderr, "\n[VBIC_VRTH_ORIGIN_DIAGNOSTIC] Instance: %s | Origin: %d (%s) | OriginScalar: %a (isnan=%d) | Vrth(current): %a (isnan=%d) | Vrth(stored): %a (isnan=%d)\n\n",	category: marker_block	patch_reconciliation
PATCH_ADD_39	vbicload.c	b3abd28a43ee30204673eb1ea6f6fd5de0b049e2e03de168b25b94a2f86e2dcf	704	                                here->VBICname, vrth_origin,	patch addition 39 of 45 (category marker_block)	N/A	N/A	                                here->VBICname, vrth_origin,	category: marker_block	patch_reconciliation
PATCH_ADD_40	vbicload.c	b3abd28a43ee30204673eb1ea6f6fd5de0b049e2e03de168b25b94a2f86e2dcf	705	                                (vrth_origin >= 0 && vrth_origin <= 8) ? vrth_origin_names[vrth_origin] : "unknown",	patch addition 40 of 45 (category marker_block)	N/A	N/A	                                (vrth_origin >= 0 && vrth_origin <= 8) ? vrth_origin_names[vrth_origin] : "unknown",	category: marker_block	patch_reconciliation
PATCH_ADD_41	vbicload.c	b3abd28a43ee30204673eb1ea6f6fd5de0b049e2e03de168b25b94a2f86e2dcf	706	                                vrth_origin_scalar, isnan(vrth_origin_scalar) ? 1 : 0,	patch addition 41 of 45 (category marker_block)	N/A	N/A	                                vrth_origin_scalar, isnan(vrth_origin_scalar) ? 1 : 0,	category: marker_block	patch_reconciliation
PATCH_ADD_42	vbicload.c	b3abd28a43ee30204673eb1ea6f6fd5de0b049e2e03de168b25b94a2f86e2dcf	707	                                Vrth, isnan(Vrth) ? 1 : 0,	patch addition 42 of 45 (category marker_block)	N/A	N/A	                                Vrth, isnan(Vrth) ? 1 : 0,	category: marker_block	patch_reconciliation
PATCH_ADD_43	vbicload.c	b3abd28a43ee30204673eb1ea6f6fd5de0b049e2e03de168b25b94a2f86e2dcf	708	                                *(ckt->CKTstate0 + here->VBICvrth), isnan(*(ckt->CKTstate0 + here->VBICvrth)) ? 1 : 0);	patch addition 43 of 45 (category marker_block)	N/A	N/A	                                *(ckt->CKTstate0 + here->VBICvrth), isnan(*(ckt->CKTstate0 + here->VBICvrth)) ? 1 : 0);	category: marker_block	patch_reconciliation
PATCH_ADD_44	vbicload.c	b3abd28a43ee30204673eb1ea6f6fd5de0b049e2e03de168b25b94a2f86e2dcf	709	                        vrth_origin_printed = TRUE;	patch addition 44 of 45 (category marker_block)	N/A	N/A	                        vrth_origin_printed = TRUE;	category: marker_block	patch_reconciliation
PATCH_ADD_45	vbicload.c	b3abd28a43ee30204673eb1ea6f6fd5de0b049e2e03de168b25b94a2f86e2dcf	710	                    }	patch addition 45 of 45 (category marker_block)	N/A	N/A	                    }	category: marker_block	patch_reconciliation
PATCH_DEL_1	vbicload.c	752518c6b2c943e901ed4f20199aa80e66b04820de9db7ecae774e20a0d746f5	202	                if (here->VBIC_selfheat)	official-base deleted unbraced guard (deletion 1 of 4); replaced by braced opening guard	N/A	N/A	official line 202 (deleted by patch ae2c5e77); replacement opening-guard row PATCH_ADD_04 at patched line 205	official base 752518c6	patch_reconciliation
PATCH_DEL_2	vbicload.c	752518c6b2c943e901ed4f20199aa80e66b04820de9db7ecae774e20a0d746f5	234	                if (here->VBIC_selfheat)	official-base deleted unbraced guard (deletion 2 of 4); replaced by braced opening guard	N/A	N/A	official line 234 (deleted by patch ae2c5e77); replacement opening-guard row PATCH_ADD_08 at patched line 240	official base 752518c6	patch_reconciliation
PATCH_DEL_3	vbicload.c	752518c6b2c943e901ed4f20199aa80e66b04820de9db7ecae774e20a0d746f5	446	                    if (here->VBIC_selfheat)	official-base deleted unbraced guard (deletion 3 of 4); replaced by braced opening guard	N/A	N/A	official line 446 (deleted by patch ae2c5e77); replacement opening-guard row PATCH_ADD_20 at patched line 463	official base 752518c6	patch_reconciliation
PATCH_DEL_4	vbicload.c	752518c6b2c943e901ed4f20199aa80e66b04820de9db7ecae774e20a0d746f5	483	                if (here->VBIC_selfheat)	official-base deleted unbraced guard (deletion 4 of 4); replaced by braced opening guard	N/A	N/A	official line 483 (deleted by patch ae2c5e77); replacement opening-guard row PATCH_ADD_24 at patched line 503	official base 752518c6	patch_reconciliation
