assertion_id	source_file	source_sha256	physical_line	source_literal	guard_containment	category	observed_values	upstream_v4_assertion	provenance_class
BRIDGE_BASE	vbicload.c	ee6b2aa917c57a79d1694f885fa9b2ac593c5750da92b910ed2bae1eacdb27c9	N/A	accepted applied base vbicload.c (V3 stamp diagnostics retained byte-for-byte)	N/A	bridge	base lines=4279	V3 stamp patch 8a67afa2 applied	bridge_row
BRIDGE_PATCH	vbicload.c	173babeff5890b9c08e9b9d7c7bcc183eda52cc9692c6ac21a2fb87a9f8cace9	N/A	NGSPICE46-VBIC-ITH-RHS-DECOMP-DIAGNOSTIC-V1.patch (SHA-256 173babeff5890b9c08e9b9d7c7bcc183eda52cc9692c6ac21a2fb87a9f8cace9, 9953 B)	N/A	bridge	numstat 73 additions / 0 deletions; GNU patch dry-run exit 0; git apply --check exit 0; fresh apply byte-identical=True	applies to base ee6b2aa9	bridge_row
BRIDGE_APPLIED	vbicload.c	e8939ea16fc58d8998b495e7f5f524b1a272b164b43ae2e9771de224ce4f97ff	N/A	final applied source vbicload_ith_rhs_decomp_v1.c	N/A	bridge	applied lines=4352	base + patch	bridge_row
BRIDGE_SYNTAX	vbicload.c	e8939ea16fc58d8998b495e7f5f524b1a272b164b43ae2e9771de224ce4f97ff	N/A	syntax-only compile (gcc -fsyntax-only, -std=gnu11 -fopenmp, ngspice includes, config.h from accepted build)	N/A	bridge	exit 0; no vbicload-specific error lines	no configured build / no executable / no simulation	bridge_row
BRIDGE_GUARD	vbicload.c	e8939ea16fc58d8998b495e7f5f524b1a272b164b43ae2e9771de224ce4f97ff	N/A	new marker block inserted between unchanged rhs_current assignment (base 1488-1493) and unchanged RHS stamp (base 1496); inside selfheat block; gated by stamp_diag_active && !ith_rhs_decomp_printed && !isfinite(rhs_current); reads only local operands	N/A	bridge	no matrix/RHS/state/model memory reads; no writes except ith_rhs_decomp_printed	requirement 1-5	bridge_row
ADD_001	vbicload.c	e8939ea16fc58d8998b495e7f5f524b1a272b164b43ae2e9771de224ce4f97ff	1494	                /* [VBIC_ITH_RHS_DECOMP_DIAGNOSTIC] read-only decomposition of the Ith rhs_current expression (target-only, first-occurrence) */	selfheat block; target-gated first-occurrence block (inserted after base line 1493)	comment	/* [VBIC_ITH_RHS_DECOMP_DIAGNOSTIC] read-only decomposition of the Ith rhs_curre	added line 1 of 72	added_statement
ADD_002	vbicload.c	e8939ea16fc58d8998b495e7f5f524b1a272b164b43ae2e9771de224ce4f97ff	1495	                static bool ith_rhs_decomp_printed = FALSE;	selfheat block; target-gated first-occurrence block (inserted after base line 1493)	declaration	static bool ith_rhs_decomp_printed = FALSE;	added line 2 of 72	added_statement
ADD_003	vbicload.c	e8939ea16fc58d8998b495e7f5f524b1a272b164b43ae2e9771de224ce4f97ff	1496	                if (stamp_diag_active && !ith_rhs_decomp_printed && !isfinite(rhs_current)) {	selfheat block; target-gated first-occurrence block (inserted after base line 1493)	guard	if (stamp_diag_active && !ith_rhs_decomp_printed && !isfinite(rhs_current)) {	added line 3 of 72	added_statement
ADD_004	vbicload.c	e8939ea16fc58d8998b495e7f5f524b1a272b164b43ae2e9771de224ce4f97ff	1497	                    fprintf(stderr, "\n[VBIC_ITH_RHS_DECOMP_DIAGNOSTIC] Site: STAMP_ITH_RHS_DECOMP@1472 | rhs_current: %a (isfinite=%d) | Ith: %a (isfinite=%d)\n",	selfheat block; target-gated first-occurrence block (inserted after base line 1493)	fprintf	fprintf(stderr, "\n[VBIC_ITH_RHS_DECOMP_DIAGNOSTIC] Site: STAMP_ITH_RHS_DECOMP@1	added line 4 of 72	added_statement
ADD_005	vbicload.c	e8939ea16fc58d8998b495e7f5f524b1a272b164b43ae2e9771de224ce4f97ff	1498	                            rhs_current, isfinite(rhs_current) ? 1 : 0, Ith, isfinite(Ith) ? 1 : 0);	selfheat block; target-gated first-occurrence block (inserted after base line 1493)	other	rhs_current, isfinite(rhs_current) ? 1 : 0, Ith, isfinite(Ith) ? 1 : 0);	added line 5 of 72	added_statement
ADD_006	vbicload.c	e8939ea16fc58d8998b495e7f5f524b1a272b164b43ae2e9771de224ce4f97ff	1499	                    fprintf(stderr, "  pair 01 Vrth  | deriv %a (isfinite=%d) | volt %a (isfinite=%d) | product %a (isfinite=%d)\n",	selfheat block; target-gated first-occurrence block (inserted after base line 1493)	fprintf	fprintf(stderr, "  pair 01 Vrth  | deriv %a (isfinite=%d) | volt %a (isfinite=%d	added line 6 of 72	added_statement
ADD_007	vbicload.c	e8939ea16fc58d8998b495e7f5f524b1a272b164b43ae2e9771de224ce4f97ff	1500	                            Ith_Vrth, isfinite(Ith_Vrth) ? 1 : 0, Vrth, isfinite(Vrth) ? 1 : 0, Ith_Vrth*Vrth, isfinite(Ith_Vrth*Vrth) ? 1 : 0);	selfheat block; target-gated first-occurrence block (inserted after base line 1493)	other	Ith_Vrth, isfinite(Ith_Vrth) ? 1 : 0, Vrth, isfinite(Vrth) ? 1 : 0, Ith_Vrth*Vrt	added line 7 of 72	added_statement
ADD_008	vbicload.c	e8939ea16fc58d8998b495e7f5f524b1a272b164b43ae2e9771de224ce4f97ff	1501	                    fprintf(stderr, "  pair 02 Vbei  | deriv %a (isfinite=%d) | volt %a (isfinite=%d) | product %a (isfinite=%d)\n",	selfheat block; target-gated first-occurrence block (inserted after base line 1493)	fprintf	fprintf(stderr, "  pair 02 Vbei  | deriv %a (isfinite=%d) | volt %a (isfinite=%d	added line 8 of 72	added_statement
ADD_009	vbicload.c	e8939ea16fc58d8998b495e7f5f524b1a272b164b43ae2e9771de224ce4f97ff	1502	                            Ith_Vbei, isfinite(Ith_Vbei) ? 1 : 0, Vbei, isfinite(Vbei) ? 1 : 0, Ith_Vbei*Vbei, isfinite(Ith_Vbei*Vbei) ? 1 : 0);	selfheat block; target-gated first-occurrence block (inserted after base line 1493)	other	Ith_Vbei, isfinite(Ith_Vbei) ? 1 : 0, Vbei, isfinite(Vbei) ? 1 : 0, Ith_Vbei*Vbe	added line 9 of 72	added_statement
ADD_010	vbicload.c	e8939ea16fc58d8998b495e7f5f524b1a272b164b43ae2e9771de224ce4f97ff	1503	                    fprintf(stderr, "  pair 03 Vbci  | deriv %a (isfinite=%d) | volt %a (isfinite=%d) | product %a (isfinite=%d)\n",	selfheat block; target-gated first-occurrence block (inserted after base line 1493)	fprintf	fprintf(stderr, "  pair 03 Vbci  | deriv %a (isfinite=%d) | volt %a (isfinite=%d	added line 10 of 72	added_statement
ADD_011	vbicload.c	e8939ea16fc58d8998b495e7f5f524b1a272b164b43ae2e9771de224ce4f97ff	1504	                            Ith_Vbci, isfinite(Ith_Vbci) ? 1 : 0, Vbci, isfinite(Vbci) ? 1 : 0, Ith_Vbci*Vbci, isfinite(Ith_Vbci*Vbci) ? 1 : 0);	selfheat block; target-gated first-occurrence block (inserted after base line 1493)	other	Ith_Vbci, isfinite(Ith_Vbci) ? 1 : 0, Vbci, isfinite(Vbci) ? 1 : 0, Ith_Vbci*Vbc	added line 11 of 72	added_statement
ADD_012	vbicload.c	e8939ea16fc58d8998b495e7f5f524b1a272b164b43ae2e9771de224ce4f97ff	1505	                    fprintf(stderr, "  pair 04 Vcei  | deriv %a (isfinite=%d) | volt %a (isfinite=%d) | product %a (isfinite=%d)\n",	selfheat block; target-gated first-occurrence block (inserted after base line 1493)	fprintf	fprintf(stderr, "  pair 04 Vcei  | deriv %a (isfinite=%d) | volt %a (isfinite=%d	added line 12 of 72	added_statement
ADD_013	vbicload.c	e8939ea16fc58d8998b495e7f5f524b1a272b164b43ae2e9771de224ce4f97ff	1506	                            Ith_Vcei, isfinite(Ith_Vcei) ? 1 : 0, Vcei, isfinite(Vcei) ? 1 : 0, Ith_Vcei*Vcei, isfinite(Ith_Vcei*Vcei) ? 1 : 0);	selfheat block; target-gated first-occurrence block (inserted after base line 1493)	other	Ith_Vcei, isfinite(Ith_Vcei) ? 1 : 0, Vcei, isfinite(Vcei) ? 1 : 0, Ith_Vcei*Vce	added line 13 of 72	added_statement
ADD_014	vbicload.c	e8939ea16fc58d8998b495e7f5f524b1a272b164b43ae2e9771de224ce4f97ff	1507	                    fprintf(stderr, "  pair 05 Vbex  | deriv %a (isfinite=%d) | volt %a (isfinite=%d) | product %a (isfinite=%d)\n",	selfheat block; target-gated first-occurrence block (inserted after base line 1493)	fprintf	fprintf(stderr, "  pair 05 Vbex  | deriv %a (isfinite=%d) | volt %a (isfinite=%d	added line 14 of 72	added_statement
ADD_015	vbicload.c	e8939ea16fc58d8998b495e7f5f524b1a272b164b43ae2e9771de224ce4f97ff	1508	                            Ith_Vbex, isfinite(Ith_Vbex) ? 1 : 0, Vbex, isfinite(Vbex) ? 1 : 0, Ith_Vbex*Vbex, isfinite(Ith_Vbex*Vbex) ? 1 : 0);	selfheat block; target-gated first-occurrence block (inserted after base line 1493)	other	Ith_Vbex, isfinite(Ith_Vbex) ? 1 : 0, Vbex, isfinite(Vbex) ? 1 : 0, Ith_Vbex*Vbe	added line 15 of 72	added_statement
ADD_016	vbicload.c	e8939ea16fc58d8998b495e7f5f524b1a272b164b43ae2e9771de224ce4f97ff	1509	                    fprintf(stderr, "  pair 06 Vbep  | deriv %a (isfinite=%d) | volt %a (isfinite=%d) | product %a (isfinite=%d)\n",	selfheat block; target-gated first-occurrence block (inserted after base line 1493)	fprintf	fprintf(stderr, "  pair 06 Vbep  | deriv %a (isfinite=%d) | volt %a (isfinite=%d	added line 16 of 72	added_statement
ADD_017	vbicload.c	e8939ea16fc58d8998b495e7f5f524b1a272b164b43ae2e9771de224ce4f97ff	1510	                            Ith_Vbep, isfinite(Ith_Vbep) ? 1 : 0, Vbep, isfinite(Vbep) ? 1 : 0, Ith_Vbep*Vbep, isfinite(Ith_Vbep*Vbep) ? 1 : 0);	selfheat block; target-gated first-occurrence block (inserted after base line 1493)	other	Ith_Vbep, isfinite(Ith_Vbep) ? 1 : 0, Vbep, isfinite(Vbep) ? 1 : 0, Ith_Vbep*Vbe	added line 17 of 72	added_statement
ADD_018	vbicload.c	e8939ea16fc58d8998b495e7f5f524b1a272b164b43ae2e9771de224ce4f97ff	1511	                    fprintf(stderr, "  pair 07 Vbcp  | deriv %a (isfinite=%d) | volt %a (isfinite=%d) | product %a (isfinite=%d)\n",	selfheat block; target-gated first-occurrence block (inserted after base line 1493)	fprintf	fprintf(stderr, "  pair 07 Vbcp  | deriv %a (isfinite=%d) | volt %a (isfinite=%d	added line 18 of 72	added_statement
ADD_019	vbicload.c	e8939ea16fc58d8998b495e7f5f524b1a272b164b43ae2e9771de224ce4f97ff	1512	                            Ith_Vbcp, isfinite(Ith_Vbcp) ? 1 : 0, Vbcp, isfinite(Vbcp) ? 1 : 0, Ith_Vbcp*Vbcp, isfinite(Ith_Vbcp*Vbcp) ? 1 : 0);	selfheat block; target-gated first-occurrence block (inserted after base line 1493)	other	Ith_Vbcp, isfinite(Ith_Vbcp) ? 1 : 0, Vbcp, isfinite(Vbcp) ? 1 : 0, Ith_Vbcp*Vbc	added line 19 of 72	added_statement
ADD_020	vbicload.c	e8939ea16fc58d8998b495e7f5f524b1a272b164b43ae2e9771de224ce4f97ff	1513	                    fprintf(stderr, "  pair 08 Vcep  | deriv %a (isfinite=%d) | volt %a (isfinite=%d) | product %a (isfinite=%d)\n",	selfheat block; target-gated first-occurrence block (inserted after base line 1493)	fprintf	fprintf(stderr, "  pair 08 Vcep  | deriv %a (isfinite=%d) | volt %a (isfinite=%d	added line 20 of 72	added_statement
ADD_021	vbicload.c	e8939ea16fc58d8998b495e7f5f524b1a272b164b43ae2e9771de224ce4f97ff	1514	                            Ith_Vcep, isfinite(Ith_Vcep) ? 1 : 0, Vcep, isfinite(Vcep) ? 1 : 0, Ith_Vcep*Vcep, isfinite(Ith_Vcep*Vcep) ? 1 : 0);	selfheat block; target-gated first-occurrence block (inserted after base line 1493)	other	Ith_Vcep, isfinite(Ith_Vcep) ? 1 : 0, Vcep, isfinite(Vcep) ? 1 : 0, Ith_Vcep*Vce	added line 21 of 72	added_statement
ADD_022	vbicload.c	e8939ea16fc58d8998b495e7f5f524b1a272b164b43ae2e9771de224ce4f97ff	1515	                    fprintf(stderr, "  pair 09 Vrci  | deriv %a (isfinite=%d) | volt %a (isfinite=%d) | product %a (isfinite=%d)\n",	selfheat block; target-gated first-occurrence block (inserted after base line 1493)	fprintf	fprintf(stderr, "  pair 09 Vrci  | deriv %a (isfinite=%d) | volt %a (isfinite=%d	added line 22 of 72	added_statement
ADD_023	vbicload.c	e8939ea16fc58d8998b495e7f5f524b1a272b164b43ae2e9771de224ce4f97ff	1516	                            Ith_Vrci, isfinite(Ith_Vrci) ? 1 : 0, Vrci, isfinite(Vrci) ? 1 : 0, Ith_Vrci*Vrci, isfinite(Ith_Vrci*Vrci) ? 1 : 0);	selfheat block; target-gated first-occurrence block (inserted after base line 1493)	other	Ith_Vrci, isfinite(Ith_Vrci) ? 1 : 0, Vrci, isfinite(Vrci) ? 1 : 0, Ith_Vrci*Vrc	added line 23 of 72	added_statement
ADD_024	vbicload.c	e8939ea16fc58d8998b495e7f5f524b1a272b164b43ae2e9771de224ce4f97ff	1517	                    fprintf(stderr, "  pair 10 Vbcx  | deriv %a (isfinite=%d) | volt %a (isfinite=%d) | product %a (isfinite=%d)\n",	selfheat block; target-gated first-occurrence block (inserted after base line 1493)	fprintf	fprintf(stderr, "  pair 10 Vbcx  | deriv %a (isfinite=%d) | volt %a (isfinite=%d	added line 24 of 72	added_statement
ADD_025	vbicload.c	e8939ea16fc58d8998b495e7f5f524b1a272b164b43ae2e9771de224ce4f97ff	1518	                            Ith_Vbcx, isfinite(Ith_Vbcx) ? 1 : 0, Vbcx, isfinite(Vbcx) ? 1 : 0, Ith_Vbcx*Vbcx, isfinite(Ith_Vbcx*Vbcx) ? 1 : 0);	selfheat block; target-gated first-occurrence block (inserted after base line 1493)	other	Ith_Vbcx, isfinite(Ith_Vbcx) ? 1 : 0, Vbcx, isfinite(Vbcx) ? 1 : 0, Ith_Vbcx*Vbc	added line 25 of 72	added_statement
ADD_026	vbicload.c	e8939ea16fc58d8998b495e7f5f524b1a272b164b43ae2e9771de224ce4f97ff	1519	                    fprintf(stderr, "  pair 11 Vrbi  | deriv %a (isfinite=%d) | volt %a (isfinite=%d) | product %a (isfinite=%d)\n",	selfheat block; target-gated first-occurrence block (inserted after base line 1493)	fprintf	fprintf(stderr, "  pair 11 Vrbi  | deriv %a (isfinite=%d) | volt %a (isfinite=%d	added line 26 of 72	added_statement
ADD_027	vbicload.c	e8939ea16fc58d8998b495e7f5f524b1a272b164b43ae2e9771de224ce4f97ff	1520	                            Ith_Vrbi, isfinite(Ith_Vrbi) ? 1 : 0, Vrbi, isfinite(Vrbi) ? 1 : 0, Ith_Vrbi*Vrbi, isfinite(Ith_Vrbi*Vrbi) ? 1 : 0);	selfheat block; target-gated first-occurrence block (inserted after base line 1493)	other	Ith_Vrbi, isfinite(Ith_Vrbi) ? 1 : 0, Vrbi, isfinite(Vrbi) ? 1 : 0, Ith_Vrbi*Vrb	added line 27 of 72	added_statement
ADD_028	vbicload.c	e8939ea16fc58d8998b495e7f5f524b1a272b164b43ae2e9771de224ce4f97ff	1521	                    fprintf(stderr, "  pair 12 Vrbp  | deriv %a (isfinite=%d) | volt %a (isfinite=%d) | product %a (isfinite=%d)\n",	selfheat block; target-gated first-occurrence block (inserted after base line 1493)	fprintf	fprintf(stderr, "  pair 12 Vrbp  | deriv %a (isfinite=%d) | volt %a (isfinite=%d	added line 28 of 72	added_statement
ADD_029	vbicload.c	e8939ea16fc58d8998b495e7f5f524b1a272b164b43ae2e9771de224ce4f97ff	1522	                            Ith_Vrbp, isfinite(Ith_Vrbp) ? 1 : 0, Vrbp, isfinite(Vrbp) ? 1 : 0, Ith_Vrbp*Vrbp, isfinite(Ith_Vrbp*Vrbp) ? 1 : 0);	selfheat block; target-gated first-occurrence block (inserted after base line 1493)	other	Ith_Vrbp, isfinite(Ith_Vrbp) ? 1 : 0, Vrbp, isfinite(Vrbp) ? 1 : 0, Ith_Vrbp*Vrb	added line 29 of 72	added_statement
ADD_030	vbicload.c	e8939ea16fc58d8998b495e7f5f524b1a272b164b43ae2e9771de224ce4f97ff	1523	                    fprintf(stderr, "  pair 13 Vrcx  | deriv %a (isfinite=%d) | volt %a (isfinite=%d) | product %a (isfinite=%d)\n",	selfheat block; target-gated first-occurrence block (inserted after base line 1493)	fprintf	fprintf(stderr, "  pair 13 Vrcx  | deriv %a (isfinite=%d) | volt %a (isfinite=%d	added line 30 of 72	added_statement
ADD_031	vbicload.c	e8939ea16fc58d8998b495e7f5f524b1a272b164b43ae2e9771de224ce4f97ff	1524	                            Ith_Vrcx, isfinite(Ith_Vrcx) ? 1 : 0, Vrcx, isfinite(Vrcx) ? 1 : 0, Ith_Vrcx*Vrcx, isfinite(Ith_Vrcx*Vrcx) ? 1 : 0);	selfheat block; target-gated first-occurrence block (inserted after base line 1493)	other	Ith_Vrcx, isfinite(Ith_Vrcx) ? 1 : 0, Vrcx, isfinite(Vrcx) ? 1 : 0, Ith_Vrcx*Vrc	added line 31 of 72	added_statement
ADD_032	vbicload.c	e8939ea16fc58d8998b495e7f5f524b1a272b164b43ae2e9771de224ce4f97ff	1525	                    fprintf(stderr, "  pair 14 Vrbx  | deriv %a (isfinite=%d) | volt %a (isfinite=%d) | product %a (isfinite=%d)\n",	selfheat block; target-gated first-occurrence block (inserted after base line 1493)	fprintf	fprintf(stderr, "  pair 14 Vrbx  | deriv %a (isfinite=%d) | volt %a (isfinite=%d	added line 32 of 72	added_statement
ADD_033	vbicload.c	e8939ea16fc58d8998b495e7f5f524b1a272b164b43ae2e9771de224ce4f97ff	1526	                            Ith_Vrbx, isfinite(Ith_Vrbx) ? 1 : 0, Vrbx, isfinite(Vrbx) ? 1 : 0, Ith_Vrbx*Vrbx, isfinite(Ith_Vrbx*Vrbx) ? 1 : 0);	selfheat block; target-gated first-occurrence block (inserted after base line 1493)	other	Ith_Vrbx, isfinite(Ith_Vrbx) ? 1 : 0, Vrbx, isfinite(Vrbx) ? 1 : 0, Ith_Vrbx*Vrb	added line 33 of 72	added_statement
ADD_034	vbicload.c	e8939ea16fc58d8998b495e7f5f524b1a272b164b43ae2e9771de224ce4f97ff	1527	                    fprintf(stderr, "  pair 15 Vre   | deriv %a (isfinite=%d) | volt %a (isfinite=%d) | product %a (isfinite=%d)\n",	selfheat block; target-gated first-occurrence block (inserted after base line 1493)	fprintf	fprintf(stderr, "  pair 15 Vre   | deriv %a (isfinite=%d) | volt %a (isfinite=%d	added line 34 of 72	added_statement
ADD_035	vbicload.c	e8939ea16fc58d8998b495e7f5f524b1a272b164b43ae2e9771de224ce4f97ff	1528	                            Ith_Vre, isfinite(Ith_Vre) ? 1 : 0, Vre, isfinite(Vre) ? 1 : 0, Ith_Vre*Vre, isfinite(Ith_Vre*Vre) ? 1 : 0);	selfheat block; target-gated first-occurrence block (inserted after base line 1493)	other	Ith_Vre, isfinite(Ith_Vre) ? 1 : 0, Vre, isfinite(Vre) ? 1 : 0, Ith_Vre*Vre, isf	added line 35 of 72	added_statement
ADD_036	vbicload.c	e8939ea16fc58d8998b495e7f5f524b1a272b164b43ae2e9771de224ce4f97ff	1529	                    fprintf(stderr, "  pair 16 Vrs   | deriv %a (isfinite=%d) | volt %a (isfinite=%d) | product %a (isfinite=%d)\n",	selfheat block; target-gated first-occurrence block (inserted after base line 1493)	fprintf	fprintf(stderr, "  pair 16 Vrs   | deriv %a (isfinite=%d) | volt %a (isfinite=%d	added line 36 of 72	added_statement
ADD_037	vbicload.c	e8939ea16fc58d8998b495e7f5f524b1a272b164b43ae2e9771de224ce4f97ff	1530	                            Ith_Vrs, isfinite(Ith_Vrs) ? 1 : 0, Vrs, isfinite(Vrs) ? 1 : 0, Ith_Vrs*Vrs, isfinite(Ith_Vrs*Vrs) ? 1 : 0);	selfheat block; target-gated first-occurrence block (inserted after base line 1493)	other	Ith_Vrs, isfinite(Ith_Vrs) ? 1 : 0, Vrs, isfinite(Vrs) ? 1 : 0, Ith_Vrs*Vrs, isf	added line 37 of 72	added_statement
ADD_038	vbicload.c	e8939ea16fc58d8998b495e7f5f524b1a272b164b43ae2e9771de224ce4f97ff	1531	                    double ith_rhs_cum00 = -Ith;	selfheat block; target-gated first-occurrence block (inserted after base line 1493)	declaration	double ith_rhs_cum00 = -Ith;	added line 38 of 72	added_statement
ADD_039	vbicload.c	e8939ea16fc58d8998b495e7f5f524b1a272b164b43ae2e9771de224ce4f97ff	1532	                    double ith_rhs_cum01 = ith_rhs_cum00 - Ith_Vrth*Vrth;	selfheat block; target-gated first-occurrence block (inserted after base line 1493)	declaration	double ith_rhs_cum01 = ith_rhs_cum00 - Ith_Vrth*Vrth;	added line 39 of 72	added_statement
ADD_040	vbicload.c	e8939ea16fc58d8998b495e7f5f524b1a272b164b43ae2e9771de224ce4f97ff	1533	                    double ith_rhs_cum02 = ith_rhs_cum01 - Ith_Vbei*Vbei;	selfheat block; target-gated first-occurrence block (inserted after base line 1493)	declaration	double ith_rhs_cum02 = ith_rhs_cum01 - Ith_Vbei*Vbei;	added line 40 of 72	added_statement
ADD_041	vbicload.c	e8939ea16fc58d8998b495e7f5f524b1a272b164b43ae2e9771de224ce4f97ff	1534	                    double ith_rhs_cum03 = ith_rhs_cum02 - Ith_Vbci*Vbci;	selfheat block; target-gated first-occurrence block (inserted after base line 1493)	declaration	double ith_rhs_cum03 = ith_rhs_cum02 - Ith_Vbci*Vbci;	added line 41 of 72	added_statement
ADD_042	vbicload.c	e8939ea16fc58d8998b495e7f5f524b1a272b164b43ae2e9771de224ce4f97ff	1535	                    double ith_rhs_cum04 = ith_rhs_cum03 - Ith_Vcei*Vcei;	selfheat block; target-gated first-occurrence block (inserted after base line 1493)	declaration	double ith_rhs_cum04 = ith_rhs_cum03 - Ith_Vcei*Vcei;	added line 42 of 72	added_statement
ADD_043	vbicload.c	e8939ea16fc58d8998b495e7f5f524b1a272b164b43ae2e9771de224ce4f97ff	1536	                    double ith_rhs_cum05 = ith_rhs_cum04 - Ith_Vbex*Vbex;	selfheat block; target-gated first-occurrence block (inserted after base line 1493)	declaration	double ith_rhs_cum05 = ith_rhs_cum04 - Ith_Vbex*Vbex;	added line 43 of 72	added_statement
ADD_044	vbicload.c	e8939ea16fc58d8998b495e7f5f524b1a272b164b43ae2e9771de224ce4f97ff	1537	                    double ith_rhs_cum06 = ith_rhs_cum05 - Ith_Vbep*Vbep;	selfheat block; target-gated first-occurrence block (inserted after base line 1493)	declaration	double ith_rhs_cum06 = ith_rhs_cum05 - Ith_Vbep*Vbep;	added line 44 of 72	added_statement
ADD_045	vbicload.c	e8939ea16fc58d8998b495e7f5f524b1a272b164b43ae2e9771de224ce4f97ff	1538	                    double ith_rhs_cum07 = ith_rhs_cum06 - Ith_Vbcp*Vbcp;	selfheat block; target-gated first-occurrence block (inserted after base line 1493)	declaration	double ith_rhs_cum07 = ith_rhs_cum06 - Ith_Vbcp*Vbcp;	added line 45 of 72	added_statement
ADD_046	vbicload.c	e8939ea16fc58d8998b495e7f5f524b1a272b164b43ae2e9771de224ce4f97ff	1539	                    double ith_rhs_cum08 = ith_rhs_cum07 - Ith_Vcep*Vcep;	selfheat block; target-gated first-occurrence block (inserted after base line 1493)	declaration	double ith_rhs_cum08 = ith_rhs_cum07 - Ith_Vcep*Vcep;	added line 46 of 72	added_statement
ADD_047	vbicload.c	e8939ea16fc58d8998b495e7f5f524b1a272b164b43ae2e9771de224ce4f97ff	1540	                    double ith_rhs_cum09 = ith_rhs_cum08 - Ith_Vrci*Vrci;	selfheat block; target-gated first-occurrence block (inserted after base line 1493)	declaration	double ith_rhs_cum09 = ith_rhs_cum08 - Ith_Vrci*Vrci;	added line 47 of 72	added_statement
ADD_048	vbicload.c	e8939ea16fc58d8998b495e7f5f524b1a272b164b43ae2e9771de224ce4f97ff	1541	                    double ith_rhs_cum10 = ith_rhs_cum09 - Ith_Vbcx*Vbcx;	selfheat block; target-gated first-occurrence block (inserted after base line 1493)	declaration	double ith_rhs_cum10 = ith_rhs_cum09 - Ith_Vbcx*Vbcx;	added line 48 of 72	added_statement
ADD_049	vbicload.c	e8939ea16fc58d8998b495e7f5f524b1a272b164b43ae2e9771de224ce4f97ff	1542	                    double ith_rhs_cum11 = ith_rhs_cum10 - Ith_Vrbi*Vrbi;	selfheat block; target-gated first-occurrence block (inserted after base line 1493)	declaration	double ith_rhs_cum11 = ith_rhs_cum10 - Ith_Vrbi*Vrbi;	added line 49 of 72	added_statement
ADD_050	vbicload.c	e8939ea16fc58d8998b495e7f5f524b1a272b164b43ae2e9771de224ce4f97ff	1543	                    double ith_rhs_cum12 = ith_rhs_cum11 - Ith_Vrbp*Vrbp;	selfheat block; target-gated first-occurrence block (inserted after base line 1493)	declaration	double ith_rhs_cum12 = ith_rhs_cum11 - Ith_Vrbp*Vrbp;	added line 50 of 72	added_statement
ADD_051	vbicload.c	e8939ea16fc58d8998b495e7f5f524b1a272b164b43ae2e9771de224ce4f97ff	1544	                    double ith_rhs_cum13 = ith_rhs_cum12 - Ith_Vrcx*Vrcx;	selfheat block; target-gated first-occurrence block (inserted after base line 1493)	declaration	double ith_rhs_cum13 = ith_rhs_cum12 - Ith_Vrcx*Vrcx;	added line 51 of 72	added_statement
ADD_052	vbicload.c	e8939ea16fc58d8998b495e7f5f524b1a272b164b43ae2e9771de224ce4f97ff	1545	                    double ith_rhs_cum14 = ith_rhs_cum13 - Ith_Vrbx*Vrbx;	selfheat block; target-gated first-occurrence block (inserted after base line 1493)	declaration	double ith_rhs_cum14 = ith_rhs_cum13 - Ith_Vrbx*Vrbx;	added line 52 of 72	added_statement
ADD_053	vbicload.c	e8939ea16fc58d8998b495e7f5f524b1a272b164b43ae2e9771de224ce4f97ff	1546	                    double ith_rhs_cum15 = ith_rhs_cum14 - Ith_Vre*Vre;	selfheat block; target-gated first-occurrence block (inserted after base line 1493)	declaration	double ith_rhs_cum15 = ith_rhs_cum14 - Ith_Vre*Vre;	added line 53 of 72	added_statement
ADD_054	vbicload.c	e8939ea16fc58d8998b495e7f5f524b1a272b164b43ae2e9771de224ce4f97ff	1547	                    double ith_rhs_cum16 = ith_rhs_cum15 - Ith_Vrs*Vrs;	selfheat block; target-gated first-occurrence block (inserted after base line 1493)	declaration	double ith_rhs_cum16 = ith_rhs_cum15 - Ith_Vrs*Vrs;	added line 54 of 72	added_statement
ADD_055	vbicload.c	e8939ea16fc58d8998b495e7f5f524b1a272b164b43ae2e9771de224ce4f97ff	1548	                    fprintf(stderr, "  cum 00 -Ith                         = %a (isfinite=%d) [diagnostic reconstruction]\n", ith_rhs_cum00, isfinite(ith_rhs_cum00) ? 1 : 0);	selfheat block; target-gated first-occurrence block (inserted after base line 1493)	fprintf	fprintf(stderr, "  cum 00 -Ith                         = %a (isfinite=%d) [diagn	added line 55 of 72	added_statement
ADD_056	vbicload.c	e8939ea16fc58d8998b495e7f5f524b1a272b164b43ae2e9771de224ce4f97ff	1549	                    fprintf(stderr, "  cum 01 - Ith_Vrth*Vrth                    = %a (isfinite=%d) [diagnostic reconstruction]\n", ith_rhs_cum01, isfinite(ith_rhs_cum01) ? 1 : 0);	selfheat block; target-gated first-occurrence block (inserted after base line 1493)	fprintf	fprintf(stderr, "  cum 01 - Ith_Vrth*Vrth                    = %a (isfinite=%d) 	added line 56 of 72	added_statement
ADD_057	vbicload.c	e8939ea16fc58d8998b495e7f5f524b1a272b164b43ae2e9771de224ce4f97ff	1550	                    fprintf(stderr, "  cum 02 - Ith_Vbei*Vbei                    = %a (isfinite=%d) [diagnostic reconstruction]\n", ith_rhs_cum02, isfinite(ith_rhs_cum02) ? 1 : 0);	selfheat block; target-gated first-occurrence block (inserted after base line 1493)	fprintf	fprintf(stderr, "  cum 02 - Ith_Vbei*Vbei                    = %a (isfinite=%d) 	added line 57 of 72	added_statement
ADD_058	vbicload.c	e8939ea16fc58d8998b495e7f5f524b1a272b164b43ae2e9771de224ce4f97ff	1551	                    fprintf(stderr, "  cum 03 - Ith_Vbci*Vbci                    = %a (isfinite=%d) [diagnostic reconstruction]\n", ith_rhs_cum03, isfinite(ith_rhs_cum03) ? 1 : 0);	selfheat block; target-gated first-occurrence block (inserted after base line 1493)	fprintf	fprintf(stderr, "  cum 03 - Ith_Vbci*Vbci                    = %a (isfinite=%d) 	added line 58 of 72	added_statement
ADD_059	vbicload.c	e8939ea16fc58d8998b495e7f5f524b1a272b164b43ae2e9771de224ce4f97ff	1552	                    fprintf(stderr, "  cum 04 - Ith_Vcei*Vcei                    = %a (isfinite=%d) [diagnostic reconstruction]\n", ith_rhs_cum04, isfinite(ith_rhs_cum04) ? 1 : 0);	selfheat block; target-gated first-occurrence block (inserted after base line 1493)	fprintf	fprintf(stderr, "  cum 04 - Ith_Vcei*Vcei                    = %a (isfinite=%d) 	added line 59 of 72	added_statement
ADD_060	vbicload.c	e8939ea16fc58d8998b495e7f5f524b1a272b164b43ae2e9771de224ce4f97ff	1553	                    fprintf(stderr, "  cum 05 - Ith_Vbex*Vbex                    = %a (isfinite=%d) [diagnostic reconstruction]\n", ith_rhs_cum05, isfinite(ith_rhs_cum05) ? 1 : 0);	selfheat block; target-gated first-occurrence block (inserted after base line 1493)	fprintf	fprintf(stderr, "  cum 05 - Ith_Vbex*Vbex                    = %a (isfinite=%d) 	added line 60 of 72	added_statement
ADD_061	vbicload.c	e8939ea16fc58d8998b495e7f5f524b1a272b164b43ae2e9771de224ce4f97ff	1554	                    fprintf(stderr, "  cum 06 - Ith_Vbep*Vbep                    = %a (isfinite=%d) [diagnostic reconstruction]\n", ith_rhs_cum06, isfinite(ith_rhs_cum06) ? 1 : 0);	selfheat block; target-gated first-occurrence block (inserted after base line 1493)	fprintf	fprintf(stderr, "  cum 06 - Ith_Vbep*Vbep                    = %a (isfinite=%d) 	added line 61 of 72	added_statement
ADD_062	vbicload.c	e8939ea16fc58d8998b495e7f5f524b1a272b164b43ae2e9771de224ce4f97ff	1555	                    fprintf(stderr, "  cum 07 - Ith_Vbcp*Vbcp                    = %a (isfinite=%d) [diagnostic reconstruction]\n", ith_rhs_cum07, isfinite(ith_rhs_cum07) ? 1 : 0);	selfheat block; target-gated first-occurrence block (inserted after base line 1493)	fprintf	fprintf(stderr, "  cum 07 - Ith_Vbcp*Vbcp                    = %a (isfinite=%d) 	added line 62 of 72	added_statement
ADD_063	vbicload.c	e8939ea16fc58d8998b495e7f5f524b1a272b164b43ae2e9771de224ce4f97ff	1556	                    fprintf(stderr, "  cum 08 - Ith_Vcep*Vcep                    = %a (isfinite=%d) [diagnostic reconstruction]\n", ith_rhs_cum08, isfinite(ith_rhs_cum08) ? 1 : 0);	selfheat block; target-gated first-occurrence block (inserted after base line 1493)	fprintf	fprintf(stderr, "  cum 08 - Ith_Vcep*Vcep                    = %a (isfinite=%d) 	added line 63 of 72	added_statement
ADD_064	vbicload.c	e8939ea16fc58d8998b495e7f5f524b1a272b164b43ae2e9771de224ce4f97ff	1557	                    fprintf(stderr, "  cum 09 - Ith_Vrci*Vrci                    = %a (isfinite=%d) [diagnostic reconstruction]\n", ith_rhs_cum09, isfinite(ith_rhs_cum09) ? 1 : 0);	selfheat block; target-gated first-occurrence block (inserted after base line 1493)	fprintf	fprintf(stderr, "  cum 09 - Ith_Vrci*Vrci                    = %a (isfinite=%d) 	added line 64 of 72	added_statement
ADD_065	vbicload.c	e8939ea16fc58d8998b495e7f5f524b1a272b164b43ae2e9771de224ce4f97ff	1558	                    fprintf(stderr, "  cum 10 - Ith_Vbcx*Vbcx                    = %a (isfinite=%d) [diagnostic reconstruction]\n", ith_rhs_cum10, isfinite(ith_rhs_cum10) ? 1 : 0);	selfheat block; target-gated first-occurrence block (inserted after base line 1493)	fprintf	fprintf(stderr, "  cum 10 - Ith_Vbcx*Vbcx                    = %a (isfinite=%d) 	added line 65 of 72	added_statement
ADD_066	vbicload.c	e8939ea16fc58d8998b495e7f5f524b1a272b164b43ae2e9771de224ce4f97ff	1559	                    fprintf(stderr, "  cum 11 - Ith_Vrbi*Vrbi                    = %a (isfinite=%d) [diagnostic reconstruction]\n", ith_rhs_cum11, isfinite(ith_rhs_cum11) ? 1 : 0);	selfheat block; target-gated first-occurrence block (inserted after base line 1493)	fprintf	fprintf(stderr, "  cum 11 - Ith_Vrbi*Vrbi                    = %a (isfinite=%d) 	added line 66 of 72	added_statement
ADD_067	vbicload.c	e8939ea16fc58d8998b495e7f5f524b1a272b164b43ae2e9771de224ce4f97ff	1560	                    fprintf(stderr, "  cum 12 - Ith_Vrbp*Vrbp                    = %a (isfinite=%d) [diagnostic reconstruction]\n", ith_rhs_cum12, isfinite(ith_rhs_cum12) ? 1 : 0);	selfheat block; target-gated first-occurrence block (inserted after base line 1493)	fprintf	fprintf(stderr, "  cum 12 - Ith_Vrbp*Vrbp                    = %a (isfinite=%d) 	added line 67 of 72	added_statement
ADD_068	vbicload.c	e8939ea16fc58d8998b495e7f5f524b1a272b164b43ae2e9771de224ce4f97ff	1561	                    fprintf(stderr, "  cum 13 - Ith_Vrcx*Vrcx                    = %a (isfinite=%d) [diagnostic reconstruction]\n", ith_rhs_cum13, isfinite(ith_rhs_cum13) ? 1 : 0);	selfheat block; target-gated first-occurrence block (inserted after base line 1493)	fprintf	fprintf(stderr, "  cum 13 - Ith_Vrcx*Vrcx                    = %a (isfinite=%d) 	added line 68 of 72	added_statement
ADD_069	vbicload.c	e8939ea16fc58d8998b495e7f5f524b1a272b164b43ae2e9771de224ce4f97ff	1562	                    fprintf(stderr, "  cum 14 - Ith_Vrbx*Vrbx                    = %a (isfinite=%d) [diagnostic reconstruction]\n", ith_rhs_cum14, isfinite(ith_rhs_cum14) ? 1 : 0);	selfheat block; target-gated first-occurrence block (inserted after base line 1493)	fprintf	fprintf(stderr, "  cum 14 - Ith_Vrbx*Vrbx                    = %a (isfinite=%d) 	added line 69 of 72	added_statement
ADD_070	vbicload.c	e8939ea16fc58d8998b495e7f5f524b1a272b164b43ae2e9771de224ce4f97ff	1563	                    fprintf(stderr, "  cum 15 - Ith_Vre*Vre                    = %a (isfinite=%d) [diagnostic reconstruction]\n", ith_rhs_cum15, isfinite(ith_rhs_cum15) ? 1 : 0);	selfheat block; target-gated first-occurrence block (inserted after base line 1493)	fprintf	fprintf(stderr, "  cum 15 - Ith_Vre*Vre                    = %a (isfinite=%d) [d	added line 70 of 72	added_statement
ADD_071	vbicload.c	e8939ea16fc58d8998b495e7f5f524b1a272b164b43ae2e9771de224ce4f97ff	1564	                    fprintf(stderr, "  cum 16 - Ith_Vrs*Vrs                    = %a (isfinite=%d) [diagnostic reconstruction]\n", ith_rhs_cum16, isfinite(ith_rhs_cum16) ? 1 : 0);	selfheat block; target-gated first-occurrence block (inserted after base line 1493)	fprintf	fprintf(stderr, "  cum 16 - Ith_Vrs*Vrs                    = %a (isfinite=%d) [d	added line 71 of 72	added_statement
ADD_072	vbicload.c	e8939ea16fc58d8998b495e7f5f524b1a272b164b43ae2e9771de224ce4f97ff	1565	                    ith_rhs_decomp_printed = TRUE;	selfheat block; target-gated first-occurrence block (inserted after base line 1493)	flag_set	ith_rhs_decomp_printed = TRUE;	added line 72 of 72	added_statement
COMPONENT_00	vbicload.c	e8939ea16fc58d8998b495e7f5f524b1a272b164b43ae2e9771de224ce4f97ff	N/A	Ith (final thermal current, local operand)	read-only local	component	Ith %a + isfinite	rhs_current = -Ith - ...	component_group
COMPONENT_01	vbicload.c	e8939ea16fc58d8998b495e7f5f524b1a272b164b43ae2e9771de224ce4f97ff	N/A	pair 01 Vrth: derivative Ith_Vrth, voltage Vrth, product Ith_Vrth*Vrth	read-only local	component	deriv %a + volt %a + product %a, each with isfinite	pair fprintf line	component_group
COMPONENT_02	vbicload.c	e8939ea16fc58d8998b495e7f5f524b1a272b164b43ae2e9771de224ce4f97ff	N/A	pair 02 Vbei: derivative Ith_Vbei, voltage Vbei, product Ith_Vbei*Vbei	read-only local	component	deriv %a + volt %a + product %a, each with isfinite	pair fprintf line	component_group
COMPONENT_03	vbicload.c	e8939ea16fc58d8998b495e7f5f524b1a272b164b43ae2e9771de224ce4f97ff	N/A	pair 03 Vbci: derivative Ith_Vbci, voltage Vbci, product Ith_Vbci*Vbci	read-only local	component	deriv %a + volt %a + product %a, each with isfinite	pair fprintf line	component_group
COMPONENT_04	vbicload.c	e8939ea16fc58d8998b495e7f5f524b1a272b164b43ae2e9771de224ce4f97ff	N/A	pair 04 Vcei: derivative Ith_Vcei, voltage Vcei, product Ith_Vcei*Vcei	read-only local	component	deriv %a + volt %a + product %a, each with isfinite	pair fprintf line	component_group
COMPONENT_05	vbicload.c	e8939ea16fc58d8998b495e7f5f524b1a272b164b43ae2e9771de224ce4f97ff	N/A	pair 05 Vbex: derivative Ith_Vbex, voltage Vbex, product Ith_Vbex*Vbex	read-only local	component	deriv %a + volt %a + product %a, each with isfinite	pair fprintf line	component_group
COMPONENT_06	vbicload.c	e8939ea16fc58d8998b495e7f5f524b1a272b164b43ae2e9771de224ce4f97ff	N/A	pair 06 Vbep: derivative Ith_Vbep, voltage Vbep, product Ith_Vbep*Vbep	read-only local	component	deriv %a + volt %a + product %a, each with isfinite	pair fprintf line	component_group
COMPONENT_07	vbicload.c	e8939ea16fc58d8998b495e7f5f524b1a272b164b43ae2e9771de224ce4f97ff	N/A	pair 07 Vbcp: derivative Ith_Vbcp, voltage Vbcp, product Ith_Vbcp*Vbcp	read-only local	component	deriv %a + volt %a + product %a, each with isfinite	pair fprintf line	component_group
COMPONENT_08	vbicload.c	e8939ea16fc58d8998b495e7f5f524b1a272b164b43ae2e9771de224ce4f97ff	N/A	pair 08 Vcep: derivative Ith_Vcep, voltage Vcep, product Ith_Vcep*Vcep	read-only local	component	deriv %a + volt %a + product %a, each with isfinite	pair fprintf line	component_group
COMPONENT_09	vbicload.c	e8939ea16fc58d8998b495e7f5f524b1a272b164b43ae2e9771de224ce4f97ff	N/A	pair 09 Vrci: derivative Ith_Vrci, voltage Vrci, product Ith_Vrci*Vrci	read-only local	component	deriv %a + volt %a + product %a, each with isfinite	pair fprintf line	component_group
COMPONENT_10	vbicload.c	e8939ea16fc58d8998b495e7f5f524b1a272b164b43ae2e9771de224ce4f97ff	N/A	pair 10 Vbcx: derivative Ith_Vbcx, voltage Vbcx, product Ith_Vbcx*Vbcx	read-only local	component	deriv %a + volt %a + product %a, each with isfinite	pair fprintf line	component_group
COMPONENT_11	vbicload.c	e8939ea16fc58d8998b495e7f5f524b1a272b164b43ae2e9771de224ce4f97ff	N/A	pair 11 Vrbi: derivative Ith_Vrbi, voltage Vrbi, product Ith_Vrbi*Vrbi	read-only local	component	deriv %a + volt %a + product %a, each with isfinite	pair fprintf line	component_group
COMPONENT_12	vbicload.c	e8939ea16fc58d8998b495e7f5f524b1a272b164b43ae2e9771de224ce4f97ff	N/A	pair 12 Vrbp: derivative Ith_Vrbp, voltage Vrbp, product Ith_Vrbp*Vrbp	read-only local	component	deriv %a + volt %a + product %a, each with isfinite	pair fprintf line	component_group
COMPONENT_13	vbicload.c	e8939ea16fc58d8998b495e7f5f524b1a272b164b43ae2e9771de224ce4f97ff	N/A	pair 13 Vrcx: derivative Ith_Vrcx, voltage Vrcx, product Ith_Vrcx*Vrcx	read-only local	component	deriv %a + volt %a + product %a, each with isfinite	pair fprintf line	component_group
COMPONENT_14	vbicload.c	e8939ea16fc58d8998b495e7f5f524b1a272b164b43ae2e9771de224ce4f97ff	N/A	pair 14 Vrbx: derivative Ith_Vrbx, voltage Vrbx, product Ith_Vrbx*Vrbx	read-only local	component	deriv %a + volt %a + product %a, each with isfinite	pair fprintf line	component_group
COMPONENT_15	vbicload.c	e8939ea16fc58d8998b495e7f5f524b1a272b164b43ae2e9771de224ce4f97ff	N/A	pair 15 Vre: derivative Ith_Vre, voltage Vre, product Ith_Vre*Vre	read-only local	component	deriv %a + volt %a + product %a, each with isfinite	pair fprintf line	component_group
COMPONENT_16	vbicload.c	e8939ea16fc58d8998b495e7f5f524b1a272b164b43ae2e9771de224ce4f97ff	N/A	pair 16 Vrs: derivative Ith_Vrs, voltage Vrs, product Ith_Vrs*Vrs	read-only local	component	deriv %a + volt %a + product %a, each with isfinite	pair fprintf line	component_group
PRODUCT_01	vbicload.c	e8939ea16fc58d8998b495e7f5f524b1a272b164b43ae2e9771de224ce4f97ff	N/A	product 01: Ith_Vrth*Vrth	diagnostic reconstruction	product	Ith_Vrth*Vrth computed from local operands (reported as %a + isfinite)	pair 01	component_group
PRODUCT_02	vbicload.c	e8939ea16fc58d8998b495e7f5f524b1a272b164b43ae2e9771de224ce4f97ff	N/A	product 02: Ith_Vbei*Vbei	diagnostic reconstruction	product	Ith_Vbei*Vbei computed from local operands (reported as %a + isfinite)	pair 02	component_group
PRODUCT_03	vbicload.c	e8939ea16fc58d8998b495e7f5f524b1a272b164b43ae2e9771de224ce4f97ff	N/A	product 03: Ith_Vbci*Vbci	diagnostic reconstruction	product	Ith_Vbci*Vbci computed from local operands (reported as %a + isfinite)	pair 03	component_group
PRODUCT_04	vbicload.c	e8939ea16fc58d8998b495e7f5f524b1a272b164b43ae2e9771de224ce4f97ff	N/A	product 04: Ith_Vcei*Vcei	diagnostic reconstruction	product	Ith_Vcei*Vcei computed from local operands (reported as %a + isfinite)	pair 04	component_group
PRODUCT_05	vbicload.c	e8939ea16fc58d8998b495e7f5f524b1a272b164b43ae2e9771de224ce4f97ff	N/A	product 05: Ith_Vbex*Vbex	diagnostic reconstruction	product	Ith_Vbex*Vbex computed from local operands (reported as %a + isfinite)	pair 05	component_group
PRODUCT_06	vbicload.c	e8939ea16fc58d8998b495e7f5f524b1a272b164b43ae2e9771de224ce4f97ff	N/A	product 06: Ith_Vbep*Vbep	diagnostic reconstruction	product	Ith_Vbep*Vbep computed from local operands (reported as %a + isfinite)	pair 06	component_group
PRODUCT_07	vbicload.c	e8939ea16fc58d8998b495e7f5f524b1a272b164b43ae2e9771de224ce4f97ff	N/A	product 07: Ith_Vbcp*Vbcp	diagnostic reconstruction	product	Ith_Vbcp*Vbcp computed from local operands (reported as %a + isfinite)	pair 07	component_group
PRODUCT_08	vbicload.c	e8939ea16fc58d8998b495e7f5f524b1a272b164b43ae2e9771de224ce4f97ff	N/A	product 08: Ith_Vcep*Vcep	diagnostic reconstruction	product	Ith_Vcep*Vcep computed from local operands (reported as %a + isfinite)	pair 08	component_group
PRODUCT_09	vbicload.c	e8939ea16fc58d8998b495e7f5f524b1a272b164b43ae2e9771de224ce4f97ff	N/A	product 09: Ith_Vrci*Vrci	diagnostic reconstruction	product	Ith_Vrci*Vrci computed from local operands (reported as %a + isfinite)	pair 09	component_group
PRODUCT_10	vbicload.c	e8939ea16fc58d8998b495e7f5f524b1a272b164b43ae2e9771de224ce4f97ff	N/A	product 10: Ith_Vbcx*Vbcx	diagnostic reconstruction	product	Ith_Vbcx*Vbcx computed from local operands (reported as %a + isfinite)	pair 10	component_group
PRODUCT_11	vbicload.c	e8939ea16fc58d8998b495e7f5f524b1a272b164b43ae2e9771de224ce4f97ff	N/A	product 11: Ith_Vrbi*Vrbi	diagnostic reconstruction	product	Ith_Vrbi*Vrbi computed from local operands (reported as %a + isfinite)	pair 11	component_group
PRODUCT_12	vbicload.c	e8939ea16fc58d8998b495e7f5f524b1a272b164b43ae2e9771de224ce4f97ff	N/A	product 12: Ith_Vrbp*Vrbp	diagnostic reconstruction	product	Ith_Vrbp*Vrbp computed from local operands (reported as %a + isfinite)	pair 12	component_group
PRODUCT_13	vbicload.c	e8939ea16fc58d8998b495e7f5f524b1a272b164b43ae2e9771de224ce4f97ff	N/A	product 13: Ith_Vrcx*Vrcx	diagnostic reconstruction	product	Ith_Vrcx*Vrcx computed from local operands (reported as %a + isfinite)	pair 13	component_group
PRODUCT_14	vbicload.c	e8939ea16fc58d8998b495e7f5f524b1a272b164b43ae2e9771de224ce4f97ff	N/A	product 14: Ith_Vrbx*Vrbx	diagnostic reconstruction	product	Ith_Vrbx*Vrbx computed from local operands (reported as %a + isfinite)	pair 14	component_group
PRODUCT_15	vbicload.c	e8939ea16fc58d8998b495e7f5f524b1a272b164b43ae2e9771de224ce4f97ff	N/A	product 15: Ith_Vre*Vre	diagnostic reconstruction	product	Ith_Vre*Vre computed from local operands (reported as %a + isfinite)	pair 15	component_group
PRODUCT_16	vbicload.c	e8939ea16fc58d8998b495e7f5f524b1a272b164b43ae2e9771de224ce4f97ff	N/A	product 16: Ith_Vrs*Vrs	diagnostic reconstruction	product	Ith_Vrs*Vrs computed from local operands (reported as %a + isfinite)	pair 16	component_group
CUM_00	vbicload.c	e8939ea16fc58d8998b495e7f5f524b1a272b164b43ae2e9771de224ce4f97ff	N/A	cum 00 = -Ith (start)	diagnostic reconstruction	cumulative	%a + isfinite	left-associative step 0	component_group
CUM_01	vbicload.c	e8939ea16fc58d8998b495e7f5f524b1a272b164b43ae2e9771de224ce4f97ff	N/A	cum 01 = cum 00 - Ith_Vrth*Vrth	diagnostic reconstruction	cumulative	%a + isfinite	left-associative step 1 of 16	component_group
CUM_02	vbicload.c	e8939ea16fc58d8998b495e7f5f524b1a272b164b43ae2e9771de224ce4f97ff	N/A	cum 02 = cum 01 - Ith_Vbei*Vbei	diagnostic reconstruction	cumulative	%a + isfinite	left-associative step 2 of 16	component_group
CUM_03	vbicload.c	e8939ea16fc58d8998b495e7f5f524b1a272b164b43ae2e9771de224ce4f97ff	N/A	cum 03 = cum 02 - Ith_Vbci*Vbci	diagnostic reconstruction	cumulative	%a + isfinite	left-associative step 3 of 16	component_group
CUM_04	vbicload.c	e8939ea16fc58d8998b495e7f5f524b1a272b164b43ae2e9771de224ce4f97ff	N/A	cum 04 = cum 03 - Ith_Vcei*Vcei	diagnostic reconstruction	cumulative	%a + isfinite	left-associative step 4 of 16	component_group
CUM_05	vbicload.c	e8939ea16fc58d8998b495e7f5f524b1a272b164b43ae2e9771de224ce4f97ff	N/A	cum 05 = cum 04 - Ith_Vbex*Vbex	diagnostic reconstruction	cumulative	%a + isfinite	left-associative step 5 of 16	component_group
CUM_06	vbicload.c	e8939ea16fc58d8998b495e7f5f524b1a272b164b43ae2e9771de224ce4f97ff	N/A	cum 06 = cum 05 - Ith_Vbep*Vbep	diagnostic reconstruction	cumulative	%a + isfinite	left-associative step 6 of 16	component_group
CUM_07	vbicload.c	e8939ea16fc58d8998b495e7f5f524b1a272b164b43ae2e9771de224ce4f97ff	N/A	cum 07 = cum 06 - Ith_Vbcp*Vbcp	diagnostic reconstruction	cumulative	%a + isfinite	left-associative step 7 of 16	component_group
CUM_08	vbicload.c	e8939ea16fc58d8998b495e7f5f524b1a272b164b43ae2e9771de224ce4f97ff	N/A	cum 08 = cum 07 - Ith_Vcep*Vcep	diagnostic reconstruction	cumulative	%a + isfinite	left-associative step 8 of 16	component_group
CUM_09	vbicload.c	e8939ea16fc58d8998b495e7f5f524b1a272b164b43ae2e9771de224ce4f97ff	N/A	cum 09 = cum 08 - Ith_Vrci*Vrci	diagnostic reconstruction	cumulative	%a + isfinite	left-associative step 9 of 16	component_group
CUM_10	vbicload.c	e8939ea16fc58d8998b495e7f5f524b1a272b164b43ae2e9771de224ce4f97ff	N/A	cum 10 = cum 09 - Ith_Vbcx*Vbcx	diagnostic reconstruction	cumulative	%a + isfinite	left-associative step 10 of 16	component_group
CUM_11	vbicload.c	e8939ea16fc58d8998b495e7f5f524b1a272b164b43ae2e9771de224ce4f97ff	N/A	cum 11 = cum 10 - Ith_Vrbi*Vrbi	diagnostic reconstruction	cumulative	%a + isfinite	left-associative step 11 of 16	component_group
CUM_12	vbicload.c	e8939ea16fc58d8998b495e7f5f524b1a272b164b43ae2e9771de224ce4f97ff	N/A	cum 12 = cum 11 - Ith_Vrbp*Vrbp	diagnostic reconstruction	cumulative	%a + isfinite	left-associative step 12 of 16	component_group
CUM_13	vbicload.c	e8939ea16fc58d8998b495e7f5f524b1a272b164b43ae2e9771de224ce4f97ff	N/A	cum 13 = cum 12 - Ith_Vrcx*Vrcx	diagnostic reconstruction	cumulative	%a + isfinite	left-associative step 13 of 16	component_group
CUM_14	vbicload.c	e8939ea16fc58d8998b495e7f5f524b1a272b164b43ae2e9771de224ce4f97ff	N/A	cum 14 = cum 13 - Ith_Vrbx*Vrbx	diagnostic reconstruction	cumulative	%a + isfinite	left-associative step 14 of 16	component_group
CUM_15	vbicload.c	e8939ea16fc58d8998b495e7f5f524b1a272b164b43ae2e9771de224ce4f97ff	N/A	cum 15 = cum 14 - Ith_Vre*Vre	diagnostic reconstruction	cumulative	%a + isfinite	left-associative step 15 of 16	component_group
CUM_16	vbicload.c	e8939ea16fc58d8998b495e7f5f524b1a272b164b43ae2e9771de224ce4f97ff	N/A	cum 16 = cum 15 - Ith_Vrs*Vrs	diagnostic reconstruction	cumulative	%a + isfinite	left-associative step 16 of 16	component_group
UNCHANGED_1488	vbicload.c	ee6b2aa917c57a79d1694f885fa9b2ac593c5750da92b910ed2bae1eacdb27c9	1488	                rhs_current = -Ith - Ith_Vrth*Vrth	unchanged original Ith rhs_current assignment line	context	byte-for-byte retained	expression line	unchanged_original
UNCHANGED_1489	vbicload.c	ee6b2aa917c57a79d1694f885fa9b2ac593c5750da92b910ed2bae1eacdb27c9	1489	                                   - Ith_Vbei*Vbei - Ith_Vbci*Vbci - Ith_Vcei*Vcei	unchanged original Ith rhs_current assignment line	context	byte-for-byte retained	expression line	unchanged_original
UNCHANGED_1490	vbicload.c	ee6b2aa917c57a79d1694f885fa9b2ac593c5750da92b910ed2bae1eacdb27c9	1490	                                   - Ith_Vbex*Vbex - Ith_Vbep*Vbep - Ith_Vbcp*Vbcp	unchanged original Ith rhs_current assignment line	context	byte-for-byte retained	expression line	unchanged_original
UNCHANGED_1491	vbicload.c	ee6b2aa917c57a79d1694f885fa9b2ac593c5750da92b910ed2bae1eacdb27c9	1491	                                   - Ith_Vcep*Vcep - Ith_Vrci*Vrci - Ith_Vbcx*Vbcx	unchanged original Ith rhs_current assignment line	context	byte-for-byte retained	expression line	unchanged_original
UNCHANGED_1492	vbicload.c	ee6b2aa917c57a79d1694f885fa9b2ac593c5750da92b910ed2bae1eacdb27c9	1492	                                   - Ith_Vrbi*Vrbi - Ith_Vrbp*Vrbp	unchanged original Ith rhs_current assignment line	context	byte-for-byte retained	expression line	unchanged_original
UNCHANGED_1493	vbicload.c	ee6b2aa917c57a79d1694f885fa9b2ac593c5750da92b910ed2bae1eacdb27c9	1493	                                   - Ith_Vrcx*Vrcx - Ith_Vrbx*Vrbx - Ith_Vre*Vre - Ith_Vrs*Vrs;	unchanged original Ith rhs_current assignment line	context	byte-for-byte retained	expression line	unchanged_original
UNCHANGED_STAMP_1496	vbicload.c	ee6b2aa917c57a79d1694f885fa9b2ac593c5750da92b910ed2bae1eacdb27c9	1496	                *(ckt->CKTrhs + here->VBICtempNode) += rhs_current;	unchanged original RHS stamp	context	byte-for-byte retained	stamp line	unchanged_original
