relative_file_path	byte_size	sha256_digest
.gitattributes	13	a11f0c1c32a3251aa75d20de87cb4e37a7dc04ee8089a4e474c77cdd921aa281
BUILD-IDENTITIES.tsv	2245	2d1df8f77732a9e963fd77374ab2499952ffd19e33aafabaec6a69631c7b3aaf
INVOCATION-IDENTITIES.tsv	1764	deb9837e650afbf194ad54433780086046f56e342ee07930a457b99a50d860a5
INVOCATION-METADATA.txt	89	53defb8d890e774afa1c5cdacc0a99bc8c12059c1c44b695449935e92fc35c8c
NGSPICE46-VBIC-IBE-SOURCE-DIAGNOSTIC-AUDIT-V4.tsv	12633	8f39abcde7166071a18d36321ffd3250efaff3d657afef1bdf46dca5e81061e4
NGSPICE46-VBIC-IBE-SOURCE-DIAGNOSTIC-V2.patch	3872	3699f89330327627b1b9c50ecae4c7fc7c8fb6d60ef831d57967cdd65634c4b2
NGSPICE46-VBIC-ITH-RHS-DECOMP-DIAGNOSTIC-AUDIT-V2.tsv	44211	495bc5e867e37249ffb1ac868aedb129de1774e171ed56578762faceb36eb013
NGSPICE46-VBIC-ITH-RHS-DECOMP-DIAGNOSTIC-V1.patch	9953	173babeff5890b9c08e9b9d7c7bcc183eda52cc9692c6ac21a2fb87a9f8cace9
NGSPICE46-VBIC-ITH-TERM-DIAGNOSTIC-AUDIT-V2.tsv	43952	09e6a32e4f77bb9ce6b2f6104deffa02cf6046f64577935f03d3aff140a6b78a
NGSPICE46-VBIC-ITH-TERM-DIAGNOSTIC-V2.patch	9634	f79505a3cb2b045fbd66c3bf15c90af04c4841542a6c05f700b1168254b4abf4
NGSPICE46-VBIC-TEMP-SCALE-DIAGNOSTIC-AUDIT-V1.tsv	8931	d47add73bf8b903c79e3f78f9e4ec5a9118b9b196bf51ae5dbfadd3019fd5616
NGSPICE46-VBIC-TEMP-SCALE-DIAGNOSTIC-V1.patch	1663	057d991b8a24e909031dec51378389b6c47fa46d7a611cd2ffa275d498d10f92
NGSPICE46-VBIC-TEMPNODE-STAMP-DIAGNOSTIC-AUDIT-V4.tsv	15143	279a56bb81e2902cf04b45130bc204166b2061889089b98c5e792d3e1abe67a1
NGSPICE46-VBIC-TEMPNODE-STAMP-DIAGNOSTIC-V3.patch	15137	8a67afa2d84f3c83279d23ccc48235524e0680527575c2830a02632cad235af9
NGSPICE46-VBIC-VRTH-ORIGIN-DIAGNOSTIC-V2.patch	7007	ae2c5e77827a8e1a9ed742a79e3915391318af1870014b343cbc6e4ef64932e0
NGSPICE46-VBIC-VRTH-TRANSITION-DIAGNOSTIC-AUDIT-V3.tsv	10252	41a6c1ede4f401b6a728cd77a6bbef73fdee59ae70978a45ca0cfb65de9b76c8
NGSPICE46-VBIC-VRTH-TRANSITION-DIAGNOSTIC-AUDIT-V4.tsv	6385	84e42b2eb3f1960c518a91298b2e0bcfba41ea18b960cfdba4f87a11c2481201
NGSPICE46-VBIC-VRTH-TRANSITION-DIAGNOSTIC-AUDIT-V5.tsv	7568	64448bd98430f4e113bafc049214d9ba781ba0e3abed872c57d0c9971eb6520a
NGSPICE46-VBIC-VRTH-TRANSITION-DIAGNOSTIC-V1.patch	1905	b57d3ff0d1fcceca97c48c62e5a1c992110a10997db4f564ad5e7a08a9eba16d
NGSPICE46-VBIC-VRTH-TRANSITION-DIAGNOSTIC-V2.patch	1507	342e2a04a4a26cc940c6798397e8d8cd53f6cab27c58cad8960f67fc5e68726a
NGSPICE46-VBIC-VRTH-UPSTREAM-TRACE-AUDIT-V1.tsv	7400	b6bc4136619bba31c080c15381a177f5ee14eed0124c6274dc20de253c2e3ded
NGSPICE46-VBIC-VRTH-UPSTREAM-TRACE-AUDIT-V2.tsv	10908	62b603d08040806b4ca1208ec70682366b15a19f8077a9c0e8ff305d4cb10a69
RAW-SUMMARY.tsv	1182	c9ff0726d745303e46c8eba68afc14473deca14e3d3d3081d75f0e2702293065
README.md	8718	50fa5a6d79268e26a0e754c9be15f50775a632e7bd6c2760433ea1e3eb9cdd21
RESULT-SUMMARY.tsv	1348	aea24764abcde81639dc45558d1d17a4617010e0963b539845d93f1fe8f02c74
SOURCE-IDENTITIES.tsv	5050	359a1faa766b4002b9d4e9b59277340dcb752ee44615b2309f1fc1ccbd911bd1
SYNTAX-IDENTITIES.tsv	3931	ef083c60ca675810ee5ada5a1646f8836a8f5de7abed84950425d191670a2339
evidence/build/apply_p1.public.log	51	82ee1c82ff3bbec0b0a4f5f8710ceed31003b94b48a4dcbdf997a4550a6b1bb8
evidence/build/apply_p2.public.log	51	82ee1c82ff3bbec0b0a4f5f8710ceed31003b94b48a4dcbdf997a4550a6b1bb8
evidence/build/apply_p3.public.log	51	82ee1c82ff3bbec0b0a4f5f8710ceed31003b94b48a4dcbdf997a4550a6b1bb8
evidence/build/apply_p4.public.log	51	82ee1c82ff3bbec0b0a4f5f8710ceed31003b94b48a4dcbdf997a4550a6b1bb8
evidence/build/apply_p5.public.log	51	82ee1c82ff3bbec0b0a4f5f8710ceed31003b94b48a4dcbdf997a4550a6b1bb8
evidence/build/apply_p6.public.log	51	82ee1c82ff3bbec0b0a4f5f8710ceed31003b94b48a4dcbdf997a4550a6b1bb8
evidence/build/apply_p7.public.log	51	82ee1c82ff3bbec0b0a4f5f8710ceed31003b94b48a4dcbdf997a4550a6b1bb8
evidence/build/apply_p8.public.log	51	82ee1c82ff3bbec0b0a4f5f8710ceed31003b94b48a4dcbdf997a4550a6b1bb8
evidence/build/build-script.public.sh	4434	c3191a535f4d16180cd55c28be2b4194a8715736ac64206a6123cdc204aaee5c
evidence/build/configure.public.log	17647	ac57e23a8428556218e5c09a0a7e48720ac439ef4006b7fed40078cdf2a3a159
evidence/build/lineage.public.log	632	64d81607e20f831966c9b62b5010e0780b5f9870c2842ffa9bcf8062525b3f39
evidence/build/make.public.log	235538	873ae6ae983b02b39172d7283e4554264f862fe27d5137b136c9ab15eeb87a8a
evidence/build/post_build.public.log	281	11de13a63386f7474ce35ac412945062a2d2867aa97cf38b5bb9807b3df1ca69
evidence/build/pre_build.public.log	393	c6c6fd8847f5317229b8cab2bcc7b6fa9a15d817f3d21b613c3b909d1535c446
evidence/syntax/configured-v1-v2/apply_p1.public.log	51	82ee1c82ff3bbec0b0a4f5f8710ceed31003b94b48a4dcbdf997a4550a6b1bb8
evidence/syntax/configured-v1-v2/apply_p2.public.log	51	82ee1c82ff3bbec0b0a4f5f8710ceed31003b94b48a4dcbdf997a4550a6b1bb8
evidence/syntax/configured-v1-v2/apply_p3.public.log	51	82ee1c82ff3bbec0b0a4f5f8710ceed31003b94b48a4dcbdf997a4550a6b1bb8
evidence/syntax/configured-v1-v2/apply_p4.public.log	51	82ee1c82ff3bbec0b0a4f5f8710ceed31003b94b48a4dcbdf997a4550a6b1bb8
evidence/syntax/configured-v1-v2/apply_p5.public.log	51	82ee1c82ff3bbec0b0a4f5f8710ceed31003b94b48a4dcbdf997a4550a6b1bb8
evidence/syntax/configured-v1-v2/apply_p6.public.log	51	82ee1c82ff3bbec0b0a4f5f8710ceed31003b94b48a4dcbdf997a4550a6b1bb8
evidence/syntax/configured-v1-v2/apply_p7.public.log	51	82ee1c82ff3bbec0b0a4f5f8710ceed31003b94b48a4dcbdf997a4550a6b1bb8
evidence/syntax/configured-v1-v2/configure-script.public.sh	3978	adaa995d19ffa3d0585e4ac05a6990584700e8004f45623221c348603ae3ffce
evidence/syntax/configured-v1-v2/configure.public.log	17659	c94776509039d80e8b973076bf07d2aff8092c3d6364e397e9d5e2ff328b5d91
evidence/syntax/configured-v1-v2/lineage.public.log	553	87d6e10de8f74f597a401a77a0422a1371507acc05ebcf025c33c4ccd84eae21
evidence/syntax/configured-v1-v2/post_configure.public.log	336	8619bf60e912714e48ff22a2244af99c5f4b9ddcab475b5649c86f752a12271f
evidence/syntax/configured-v1-v2/pre_configure.public.log	352	eb854f24f276f9cd01881b2d279f547cab4f982305e078adf42a2509a9125e61
evidence/syntax/configured-v1-v2/syntax-v2-script.public.sh	2017	1dd1d51abd79a523a8567f83aaad06aebf8d2ee67a8cb0233a5e139b2b10f0e8
evidence/syntax/configured-v1-v2/syntax_v1.public.log	4120	59802ff51a64eff357342706a111fa516142f279fd9f0773bccac350218ddd0f
evidence/syntax/configured-v1-v2/syntax_v2.public.log	1024	31e6c6e9009f356b29b378c13782caae96b009971f114753738c552dcf6edb9e
evidence/syntax/fresh-v1/apply_p1.public.log	51	82ee1c82ff3bbec0b0a4f5f8710ceed31003b94b48a4dcbdf997a4550a6b1bb8
evidence/syntax/fresh-v1/apply_p2.public.log	51	82ee1c82ff3bbec0b0a4f5f8710ceed31003b94b48a4dcbdf997a4550a6b1bb8
evidence/syntax/fresh-v1/apply_p3.public.log	51	82ee1c82ff3bbec0b0a4f5f8710ceed31003b94b48a4dcbdf997a4550a6b1bb8
evidence/syntax/fresh-v1/apply_p4.public.log	51	82ee1c82ff3bbec0b0a4f5f8710ceed31003b94b48a4dcbdf997a4550a6b1bb8
evidence/syntax/fresh-v1/apply_p5.public.log	51	82ee1c82ff3bbec0b0a4f5f8710ceed31003b94b48a4dcbdf997a4550a6b1bb8
evidence/syntax/fresh-v1/apply_p6.public.log	51	82ee1c82ff3bbec0b0a4f5f8710ceed31003b94b48a4dcbdf997a4550a6b1bb8
evidence/syntax/fresh-v1/apply_p7.public.log	51	82ee1c82ff3bbec0b0a4f5f8710ceed31003b94b48a4dcbdf997a4550a6b1bb8
evidence/syntax/fresh-v1/lineage.public.log	884	fd85c9f36f2abc8916b6835a8303094c5bf9bf9470b06bf6505f80881232090b
evidence/syntax/fresh-v1/syntax-script.public.sh	3482	0c06cd5c04a92cc37cd98cb03806be133bfdce0e3fd74f3f1968810a5b7a66bc
evidence/syntax/fresh-v1/syntax.public.log	697	77c9adacf1096fc9c091ed9059e638de2c1c2b658ecd197244d839261bd67cef
evidence/tb_p1_cml_div2_front_tran_v5_vrth_transition_v2.log	15904	b0c3dca6d5ac7d151f542f92ba7d7efe88a3095ad862b2d3903e53fa73aa42bd
p1_cml_div2_front_integrated_sinks.spice	5454	689d4beedfce278f0c13cf0e79a25b87ba8a12d25b9459e51dfbfde041cd3db7
raw_tb_p1_cml_div2_front_tran_v5.raw	7857477	5fac5da9e6c5dd4094a1649956a5baa7cc13afed183df37b2c9ae56099e8cb9f
tb_p1_cml_div2_front_tran_v5.public.cir	1552	1d1f14d6aa7be5e7ecd3a338e0e92cf9a3707485d6e588ba762fce61c69736ce
vbicload_ibe_source_diag_v2.c	212990	2999b2afa9a34fdd501f02a2312be2b98f5f5f57c9d7bd0637321a61aa581075
vbicload_ith_rhs_decomp_v1.c	201894	e8939ea16fc58d8998b495e7f5f524b1a272b164b43ae2e9771de224ce4f97ff
vbicload_ith_term_diag_v2.c	211100	01cc4f1fe6c078df51147cf1ab6b60714b3fe68e704053769777528a1f1f3b06
vbicload_origin_diagnostic_v2.c	180328	b3abd28a43ee30204673eb1ea6f6fd5de0b049e2e03de168b25b94a2f86e2dcf
vbicload_stamp_diagnostic_v3.c	192533	ee6b2aa917c57a79d1694f885fa9b2ac593c5750da92b910ed2bae1eacdb27c9
vbicload_temp_scale_diag_v1.c	214339	92123daa3d880ac25960b8758b1e4cb4440fc55cb30f100c5750b5aa20c3e292
vbicload_vrth_transition_diag_v1.c	215846	c571a9c68e959c570b1680ff5cf6e51bab5e97071b5f49b3875360e6cffc9898
vbicload_vrth_transition_diag_v2.c	215847	59d875679da675ef8daedbd151e91b39b27a13ae197530af40650c62e3e75172
