seed	attempt_count	selected_attempt_id	point_status	reason_code	reconciliation_rule	deck_file	selected_log_file	selected_raw_file
2001	2	1	complete	none	first_complete_attempt	tb_comp_mc_seed2001.cir	log_comp_mc_seed2001_runA.log	raw_comp_mc_seed2001_runA.txt
2002	1	1	complete	none	single_attempt	tb_comp_mc_seed2002.cir	log_comp_mc_seed2002.log	raw_comp_mc_seed2002.txt
2003	1	1	complete	none	single_attempt	tb_comp_mc_seed2003.cir	log_comp_mc_seed2003.log	raw_comp_mc_seed2003.txt
2004	1	1	complete	none	single_attempt	tb_comp_mc_seed2004.cir	log_comp_mc_seed2004.log	raw_comp_mc_seed2004.txt
2005	1	1	complete	none	single_attempt	tb_comp_mc_seed2005.cir	log_comp_mc_seed2005.log	raw_comp_mc_seed2005.txt
2006	1	1	complete	none	single_attempt	tb_comp_mc_seed2006.cir	log_comp_mc_seed2006.log	raw_comp_mc_seed2006.txt
2007	1	1	complete	none	single_attempt	tb_comp_mc_seed2007.cir	log_comp_mc_seed2007.log	raw_comp_mc_seed2007.txt
2008	1	1	complete	none	single_attempt	tb_comp_mc_seed2008.cir	log_comp_mc_seed2008.log	raw_comp_mc_seed2008.txt
2009	1	1	complete	none	single_attempt	tb_comp_mc_seed2009.cir	log_comp_mc_seed2009.log	raw_comp_mc_seed2009.txt
2010	1	1	complete	none	single_attempt	tb_comp_mc_seed2010.cir	log_comp_mc_seed2010.log	raw_comp_mc_seed2010.txt
2011	1	1	complete	none	single_attempt	tb_comp_mc_seed2011.cir	log_comp_mc_seed2011.log	raw_comp_mc_seed2011.txt
2012	1	1	complete	none	single_attempt	tb_comp_mc_seed2012.cir	log_comp_mc_seed2012.log	raw_comp_mc_seed2012.txt
2013	1	1	complete	none	single_attempt	tb_comp_mc_seed2013.cir	log_comp_mc_seed2013.log	raw_comp_mc_seed2013.txt
2014	1	1	complete	none	single_attempt	tb_comp_mc_seed2014.cir	log_comp_mc_seed2014.log	raw_comp_mc_seed2014.txt
2015	1	1	complete	none	single_attempt	tb_comp_mc_seed2015.cir	log_comp_mc_seed2015.log	raw_comp_mc_seed2015.txt
2016	1	1	complete	none	single_attempt	tb_comp_mc_seed2016.cir	log_comp_mc_seed2016.log	raw_comp_mc_seed2016.txt
2017	1	1	complete	none	single_attempt	tb_comp_mc_seed2017.cir	log_comp_mc_seed2017.log	raw_comp_mc_seed2017.txt
2018	1	1	complete	none	single_attempt	tb_comp_mc_seed2018.cir	log_comp_mc_seed2018.log	raw_comp_mc_seed2018.txt
2019	1	1	complete	none	single_attempt	tb_comp_mc_seed2019.cir	log_comp_mc_seed2019.log	raw_comp_mc_seed2019.txt
2020	1	1	complete	none	single_attempt	tb_comp_mc_seed2020.cir	log_comp_mc_seed2020.log	raw_comp_mc_seed2020.txt
2021	1	1	complete	none	single_attempt	tb_comp_mc_seed2021.cir	log_comp_mc_seed2021.log	raw_comp_mc_seed2021.txt
2022	1	1	complete	none	single_attempt	tb_comp_mc_seed2022.cir	log_comp_mc_seed2022.log	raw_comp_mc_seed2022.txt
2023	1	1	complete	none	single_attempt	tb_comp_mc_seed2023.cir	log_comp_mc_seed2023.log	raw_comp_mc_seed2023.txt
2024	1	1	complete	none	single_attempt	tb_comp_mc_seed2024.cir	log_comp_mc_seed2024.log	raw_comp_mc_seed2024.txt
2025	1	1	complete	none	single_attempt	tb_comp_mc_seed2025.cir	log_comp_mc_seed2025.log	raw_comp_mc_seed2025.txt
2026	1	1	complete	none	single_attempt	tb_comp_mc_seed2026.cir	log_comp_mc_seed2026.log	raw_comp_mc_seed2026.txt
2027	1	1	complete	none	single_attempt	tb_comp_mc_seed2027.cir	log_comp_mc_seed2027.log	raw_comp_mc_seed2027.txt
2028	1	1	complete	none	single_attempt	tb_comp_mc_seed2028.cir	log_comp_mc_seed2028.log	raw_comp_mc_seed2028.txt
2029	1	1	complete	none	single_attempt	tb_comp_mc_seed2029.cir	log_comp_mc_seed2029.log	raw_comp_mc_seed2029.txt
2030	1	1	complete	none	single_attempt	tb_comp_mc_seed2030.cir	log_comp_mc_seed2030.log	raw_comp_mc_seed2030.txt
2031	1	1	complete	none	single_attempt	tb_comp_mc_seed2031.cir	log_comp_mc_seed2031.log	raw_comp_mc_seed2031.txt
2032	1	1	complete	none	single_attempt	tb_comp_mc_seed2032.cir	log_comp_mc_seed2032.log	raw_comp_mc_seed2032.txt
2033	1	1	complete	none	single_attempt	tb_comp_mc_seed2033.cir	log_comp_mc_seed2033.log	raw_comp_mc_seed2033.txt
2034	1	1	complete	none	single_attempt	tb_comp_mc_seed2034.cir	log_comp_mc_seed2034.log	raw_comp_mc_seed2034.txt
2035	1	1	complete	none	single_attempt	tb_comp_mc_seed2035.cir	log_comp_mc_seed2035.log	raw_comp_mc_seed2035.txt
2036	1	1	complete	none	single_attempt	tb_comp_mc_seed2036.cir	log_comp_mc_seed2036.log	raw_comp_mc_seed2036.txt
2037	1	1	complete	none	single_attempt	tb_comp_mc_seed2037.cir	log_comp_mc_seed2037.log	raw_comp_mc_seed2037.txt
2038	1	1	complete	none	single_attempt	tb_comp_mc_seed2038.cir	log_comp_mc_seed2038.log	raw_comp_mc_seed2038.txt
2039	1	1	complete	none	single_attempt	tb_comp_mc_seed2039.cir	log_comp_mc_seed2039.log	raw_comp_mc_seed2039.txt
2040	1	1	complete	none	single_attempt	tb_comp_mc_seed2040.cir	log_comp_mc_seed2040.log	raw_comp_mc_seed2040.txt
2041	1	1	complete	none	single_attempt	tb_comp_mc_seed2041.cir	log_comp_mc_seed2041.log	raw_comp_mc_seed2041.txt
2042	1	1	complete	none	single_attempt	tb_comp_mc_seed2042.cir	log_comp_mc_seed2042.log	raw_comp_mc_seed2042.txt
2043	1	1	complete	none	single_attempt	tb_comp_mc_seed2043.cir	log_comp_mc_seed2043.log	raw_comp_mc_seed2043.txt
2044	1	1	complete	none	single_attempt	tb_comp_mc_seed2044.cir	log_comp_mc_seed2044.log	raw_comp_mc_seed2044.txt
2045	1	1	complete	none	single_attempt	tb_comp_mc_seed2045.cir	log_comp_mc_seed2045.log	raw_comp_mc_seed2045.txt
2046	1	1	complete	none	single_attempt	tb_comp_mc_seed2046.cir	log_comp_mc_seed2046.log	raw_comp_mc_seed2046.txt
2047	1	1	complete	none	single_attempt	tb_comp_mc_seed2047.cir	log_comp_mc_seed2047.log	raw_comp_mc_seed2047.txt
2048	1	1	complete	none	single_attempt	tb_comp_mc_seed2048.cir	log_comp_mc_seed2048.log	raw_comp_mc_seed2048.txt
2049	1	1	complete	none	single_attempt	tb_comp_mc_seed2049.cir	log_comp_mc_seed2049.log	raw_comp_mc_seed2049.txt
2050	1	1	complete	none	single_attempt	tb_comp_mc_seed2050.cir	log_comp_mc_seed2050.log	raw_comp_mc_seed2050.txt
2051	1	1	complete	none	single_attempt	tb_comp_mc_seed2051.cir	log_comp_mc_seed2051.log	raw_comp_mc_seed2051.txt
2052	1	1	complete	none	single_attempt	tb_comp_mc_seed2052.cir	log_comp_mc_seed2052.log	raw_comp_mc_seed2052.txt
2053	1	1	complete	none	single_attempt	tb_comp_mc_seed2053.cir	log_comp_mc_seed2053.log	raw_comp_mc_seed2053.txt
2054	1	1	complete	none	single_attempt	tb_comp_mc_seed2054.cir	log_comp_mc_seed2054.log	raw_comp_mc_seed2054.txt
2055	1	1	complete	none	single_attempt	tb_comp_mc_seed2055.cir	log_comp_mc_seed2055.log	raw_comp_mc_seed2055.txt
2056	1	1	complete	none	single_attempt	tb_comp_mc_seed2056.cir	log_comp_mc_seed2056.log	raw_comp_mc_seed2056.txt
2057	1	1	complete	none	single_attempt	tb_comp_mc_seed2057.cir	log_comp_mc_seed2057.log	raw_comp_mc_seed2057.txt
2058	1	1	complete	none	single_attempt	tb_comp_mc_seed2058.cir	log_comp_mc_seed2058.log	raw_comp_mc_seed2058.txt
2059	1	1	complete	none	single_attempt	tb_comp_mc_seed2059.cir	log_comp_mc_seed2059.log	raw_comp_mc_seed2059.txt
2060	1	1	complete	none	single_attempt	tb_comp_mc_seed2060.cir	log_comp_mc_seed2060.log	raw_comp_mc_seed2060.txt
2061	1	1	complete	none	single_attempt	tb_comp_mc_seed2061.cir	log_comp_mc_seed2061.log	raw_comp_mc_seed2061.txt
2062	1	1	complete	none	single_attempt	tb_comp_mc_seed2062.cir	log_comp_mc_seed2062.log	raw_comp_mc_seed2062.txt
2063	1	1	complete	none	single_attempt	tb_comp_mc_seed2063.cir	log_comp_mc_seed2063.log	raw_comp_mc_seed2063.txt
2064	1	1	complete	none	single_attempt	tb_comp_mc_seed2064.cir	log_comp_mc_seed2064.log	raw_comp_mc_seed2064.txt
2065	1	1	complete	none	single_attempt	tb_comp_mc_seed2065.cir	log_comp_mc_seed2065.log	raw_comp_mc_seed2065.txt
2066	1	1	complete	none	single_attempt	tb_comp_mc_seed2066.cir	log_comp_mc_seed2066.log	raw_comp_mc_seed2066.txt
2067	1	1	complete	none	single_attempt	tb_comp_mc_seed2067.cir	log_comp_mc_seed2067.log	raw_comp_mc_seed2067.txt
2068	1	1	complete	none	single_attempt	tb_comp_mc_seed2068.cir	log_comp_mc_seed2068.log	raw_comp_mc_seed2068.txt
2069	1	1	complete	none	single_attempt	tb_comp_mc_seed2069.cir	log_comp_mc_seed2069.log	raw_comp_mc_seed2069.txt
2070	1	1	complete	none	single_attempt	tb_comp_mc_seed2070.cir	log_comp_mc_seed2070.log	raw_comp_mc_seed2070.txt
2071	1	1	complete	none	single_attempt	tb_comp_mc_seed2071.cir	log_comp_mc_seed2071.log	raw_comp_mc_seed2071.txt
2072	1	1	complete	none	single_attempt	tb_comp_mc_seed2072.cir	log_comp_mc_seed2072.log	raw_comp_mc_seed2072.txt
2073	1	1	complete	none	single_attempt	tb_comp_mc_seed2073.cir	log_comp_mc_seed2073.log	raw_comp_mc_seed2073.txt
2074	1	1	complete	none	single_attempt	tb_comp_mc_seed2074.cir	log_comp_mc_seed2074.log	raw_comp_mc_seed2074.txt
2075	1	1	complete	none	single_attempt	tb_comp_mc_seed2075.cir	log_comp_mc_seed2075.log	raw_comp_mc_seed2075.txt
2076	1	1	complete	none	single_attempt	tb_comp_mc_seed2076.cir	log_comp_mc_seed2076.log	raw_comp_mc_seed2076.txt
2077	1	1	complete	none	single_attempt	tb_comp_mc_seed2077.cir	log_comp_mc_seed2077.log	raw_comp_mc_seed2077.txt
2078	1	1	complete	none	single_attempt	tb_comp_mc_seed2078.cir	log_comp_mc_seed2078.log	raw_comp_mc_seed2078.txt
2079	1	1	complete	none	single_attempt	tb_comp_mc_seed2079.cir	log_comp_mc_seed2079.log	raw_comp_mc_seed2079.txt
2080	1	1	complete	none	single_attempt	tb_comp_mc_seed2080.cir	log_comp_mc_seed2080.log	raw_comp_mc_seed2080.txt
2081	1	1	complete	none	single_attempt	tb_comp_mc_seed2081.cir	log_comp_mc_seed2081.log	raw_comp_mc_seed2081.txt
2082	1	1	complete	none	single_attempt	tb_comp_mc_seed2082.cir	log_comp_mc_seed2082.log	raw_comp_mc_seed2082.txt
2083	1	1	complete	none	single_attempt	tb_comp_mc_seed2083.cir	log_comp_mc_seed2083.log	raw_comp_mc_seed2083.txt
2084	1	1	complete	none	single_attempt	tb_comp_mc_seed2084.cir	log_comp_mc_seed2084.log	raw_comp_mc_seed2084.txt
2085	1	1	complete	none	single_attempt	tb_comp_mc_seed2085.cir	log_comp_mc_seed2085.log	raw_comp_mc_seed2085.txt
2086	1	1	complete	none	single_attempt	tb_comp_mc_seed2086.cir	log_comp_mc_seed2086.log	raw_comp_mc_seed2086.txt
2087	1	1	complete	none	single_attempt	tb_comp_mc_seed2087.cir	log_comp_mc_seed2087.log	raw_comp_mc_seed2087.txt
2088	1	1	complete	none	single_attempt	tb_comp_mc_seed2088.cir	log_comp_mc_seed2088.log	raw_comp_mc_seed2088.txt
2089	1	1	complete	none	single_attempt	tb_comp_mc_seed2089.cir	log_comp_mc_seed2089.log	raw_comp_mc_seed2089.txt
2090	1	1	complete	none	single_attempt	tb_comp_mc_seed2090.cir	log_comp_mc_seed2090.log	raw_comp_mc_seed2090.txt
2091	1	1	complete	none	single_attempt	tb_comp_mc_seed2091.cir	log_comp_mc_seed2091.log	raw_comp_mc_seed2091.txt
2092	1	1	complete	none	single_attempt	tb_comp_mc_seed2092.cir	log_comp_mc_seed2092.log	raw_comp_mc_seed2092.txt
2093	1	1	complete	none	single_attempt	tb_comp_mc_seed2093.cir	log_comp_mc_seed2093.log	raw_comp_mc_seed2093.txt
2094	1	1	complete	none	single_attempt	tb_comp_mc_seed2094.cir	log_comp_mc_seed2094.log	raw_comp_mc_seed2094.txt
2095	1	1	complete	none	single_attempt	tb_comp_mc_seed2095.cir	log_comp_mc_seed2095.log	raw_comp_mc_seed2095.txt
2096	1	1	complete	none	single_attempt	tb_comp_mc_seed2096.cir	log_comp_mc_seed2096.log	raw_comp_mc_seed2096.txt
2097	1	1	complete	none	single_attempt	tb_comp_mc_seed2097.cir	log_comp_mc_seed2097.log	raw_comp_mc_seed2097.txt
2098	1	1	complete	none	single_attempt	tb_comp_mc_seed2098.cir	log_comp_mc_seed2098.log	raw_comp_mc_seed2098.txt
2099	1	1	complete	none	single_attempt	tb_comp_mc_seed2099.cir	log_comp_mc_seed2099.log	raw_comp_mc_seed2099.txt
2100	1	1	complete	none	single_attempt	tb_comp_mc_seed2100.cir	log_comp_mc_seed2100.log	raw_comp_mc_seed2100.txt
2101	1	1	complete	none	single_attempt	tb_comp_mc_seed2101.cir	log_comp_mc_seed2101.log	raw_comp_mc_seed2101.txt
2102	1	1	complete	none	single_attempt	tb_comp_mc_seed2102.cir	log_comp_mc_seed2102.log	raw_comp_mc_seed2102.txt
2103	1	1	complete	none	single_attempt	tb_comp_mc_seed2103.cir	log_comp_mc_seed2103.log	raw_comp_mc_seed2103.txt
2104	1	1	complete	none	single_attempt	tb_comp_mc_seed2104.cir	log_comp_mc_seed2104.log	raw_comp_mc_seed2104.txt
2105	1	1	complete	none	single_attempt	tb_comp_mc_seed2105.cir	log_comp_mc_seed2105.log	raw_comp_mc_seed2105.txt
2106	1	1	complete	none	single_attempt	tb_comp_mc_seed2106.cir	log_comp_mc_seed2106.log	raw_comp_mc_seed2106.txt
2107	1	1	complete	none	single_attempt	tb_comp_mc_seed2107.cir	log_comp_mc_seed2107.log	raw_comp_mc_seed2107.txt
2108	1	1	complete	none	single_attempt	tb_comp_mc_seed2108.cir	log_comp_mc_seed2108.log	raw_comp_mc_seed2108.txt
2109	1	1	complete	none	single_attempt	tb_comp_mc_seed2109.cir	log_comp_mc_seed2109.log	raw_comp_mc_seed2109.txt
2110	1	1	complete	none	single_attempt	tb_comp_mc_seed2110.cir	log_comp_mc_seed2110.log	raw_comp_mc_seed2110.txt
2111	1	1	complete	none	single_attempt	tb_comp_mc_seed2111.cir	log_comp_mc_seed2111.log	raw_comp_mc_seed2111.txt
2112	1	1	complete	none	single_attempt	tb_comp_mc_seed2112.cir	log_comp_mc_seed2112.log	raw_comp_mc_seed2112.txt
2113	1	1	complete	none	single_attempt	tb_comp_mc_seed2113.cir	log_comp_mc_seed2113.log	raw_comp_mc_seed2113.txt
2114	1	1	complete	none	single_attempt	tb_comp_mc_seed2114.cir	log_comp_mc_seed2114.log	raw_comp_mc_seed2114.txt
2115	1	1	complete	none	single_attempt	tb_comp_mc_seed2115.cir	log_comp_mc_seed2115.log	raw_comp_mc_seed2115.txt
2116	1	1	complete	none	single_attempt	tb_comp_mc_seed2116.cir	log_comp_mc_seed2116.log	raw_comp_mc_seed2116.txt
2117	1	1	complete	none	single_attempt	tb_comp_mc_seed2117.cir	log_comp_mc_seed2117.log	raw_comp_mc_seed2117.txt
2118	1	1	complete	none	single_attempt	tb_comp_mc_seed2118.cir	log_comp_mc_seed2118.log	raw_comp_mc_seed2118.txt
2119	1	1	complete	none	single_attempt	tb_comp_mc_seed2119.cir	log_comp_mc_seed2119.log	raw_comp_mc_seed2119.txt
2120	1	1	complete	none	single_attempt	tb_comp_mc_seed2120.cir	log_comp_mc_seed2120.log	raw_comp_mc_seed2120.txt
2121	1	1	complete	none	single_attempt	tb_comp_mc_seed2121.cir	log_comp_mc_seed2121.log	raw_comp_mc_seed2121.txt
2122	1	1	complete	none	single_attempt	tb_comp_mc_seed2122.cir	log_comp_mc_seed2122.log	raw_comp_mc_seed2122.txt
2123	1	1	complete	none	single_attempt	tb_comp_mc_seed2123.cir	log_comp_mc_seed2123.log	raw_comp_mc_seed2123.txt
2124	1	1	complete	none	single_attempt	tb_comp_mc_seed2124.cir	log_comp_mc_seed2124.log	raw_comp_mc_seed2124.txt
2125	1	1	complete	none	single_attempt	tb_comp_mc_seed2125.cir	log_comp_mc_seed2125.log	raw_comp_mc_seed2125.txt
2126	1	1	complete	none	single_attempt	tb_comp_mc_seed2126.cir	log_comp_mc_seed2126.log	raw_comp_mc_seed2126.txt
2127	1	1	complete	none	single_attempt	tb_comp_mc_seed2127.cir	log_comp_mc_seed2127.log	raw_comp_mc_seed2127.txt
2128	1	1	complete	none	single_attempt	tb_comp_mc_seed2128.cir	log_comp_mc_seed2128.log	raw_comp_mc_seed2128.txt
2129	1	1	complete	none	single_attempt	tb_comp_mc_seed2129.cir	log_comp_mc_seed2129.log	raw_comp_mc_seed2129.txt
2130	1	1	complete	none	single_attempt	tb_comp_mc_seed2130.cir	log_comp_mc_seed2130.log	raw_comp_mc_seed2130.txt
2131	1	1	complete	none	single_attempt	tb_comp_mc_seed2131.cir	log_comp_mc_seed2131.log	raw_comp_mc_seed2131.txt
2132	1	1	complete	none	single_attempt	tb_comp_mc_seed2132.cir	log_comp_mc_seed2132.log	raw_comp_mc_seed2132.txt
2133	1	1	complete	none	single_attempt	tb_comp_mc_seed2133.cir	log_comp_mc_seed2133.log	raw_comp_mc_seed2133.txt
2134	1	1	complete	none	single_attempt	tb_comp_mc_seed2134.cir	log_comp_mc_seed2134.log	raw_comp_mc_seed2134.txt
2135	1	1	complete	none	single_attempt	tb_comp_mc_seed2135.cir	log_comp_mc_seed2135.log	raw_comp_mc_seed2135.txt
2136	1	1	complete	none	single_attempt	tb_comp_mc_seed2136.cir	log_comp_mc_seed2136.log	raw_comp_mc_seed2136.txt
2137	1	1	complete	none	single_attempt	tb_comp_mc_seed2137.cir	log_comp_mc_seed2137.log	raw_comp_mc_seed2137.txt
2138	1	1	complete	none	single_attempt	tb_comp_mc_seed2138.cir	log_comp_mc_seed2138.log	raw_comp_mc_seed2138.txt
2139	1	1	complete	none	single_attempt	tb_comp_mc_seed2139.cir	log_comp_mc_seed2139.log	raw_comp_mc_seed2139.txt
2140	1	1	complete	none	single_attempt	tb_comp_mc_seed2140.cir	log_comp_mc_seed2140.log	raw_comp_mc_seed2140.txt
2141	1	1	complete	none	single_attempt	tb_comp_mc_seed2141.cir	log_comp_mc_seed2141.log	raw_comp_mc_seed2141.txt
2142	1	1	complete	none	single_attempt	tb_comp_mc_seed2142.cir	log_comp_mc_seed2142.log	raw_comp_mc_seed2142.txt
2143	1	1	complete	none	single_attempt	tb_comp_mc_seed2143.cir	log_comp_mc_seed2143.log	raw_comp_mc_seed2143.txt
2144	1	1	complete	none	single_attempt	tb_comp_mc_seed2144.cir	log_comp_mc_seed2144.log	raw_comp_mc_seed2144.txt
2145	2	2	unknown	native_nonconvergence	only_retained_failed_attempt	tb_comp_mc_seed2145.cir	log_comp_mc_seed2145.log	raw_comp_mc_seed2145.txt
2146	1	1	complete	none	single_attempt	tb_comp_mc_seed2146.cir	log_comp_mc_seed2146.log	raw_comp_mc_seed2146.txt
2147	1	1	complete	none	single_attempt	tb_comp_mc_seed2147.cir	log_comp_mc_seed2147.log	raw_comp_mc_seed2147.txt
2148	1	1	complete	none	single_attempt	tb_comp_mc_seed2148.cir	log_comp_mc_seed2148.log	raw_comp_mc_seed2148.txt
2149	1	1	complete	none	single_attempt	tb_comp_mc_seed2149.cir	log_comp_mc_seed2149.log	raw_comp_mc_seed2149.txt
2150	1	1	complete	none	single_attempt	tb_comp_mc_seed2150.cir	log_comp_mc_seed2150.log	raw_comp_mc_seed2150.txt
2151	1	1	complete	none	single_attempt	tb_comp_mc_seed2151.cir	log_comp_mc_seed2151.log	raw_comp_mc_seed2151.txt
2152	1	1	complete	none	single_attempt	tb_comp_mc_seed2152.cir	log_comp_mc_seed2152.log	raw_comp_mc_seed2152.txt
2153	1	1	complete	none	single_attempt	tb_comp_mc_seed2153.cir	log_comp_mc_seed2153.log	raw_comp_mc_seed2153.txt
2154	1	1	complete	none	single_attempt	tb_comp_mc_seed2154.cir	log_comp_mc_seed2154.log	raw_comp_mc_seed2154.txt
2155	1	1	complete	none	single_attempt	tb_comp_mc_seed2155.cir	log_comp_mc_seed2155.log	raw_comp_mc_seed2155.txt
2156	1	1	complete	none	single_attempt	tb_comp_mc_seed2156.cir	log_comp_mc_seed2156.log	raw_comp_mc_seed2156.txt
2157	1	1	complete	none	single_attempt	tb_comp_mc_seed2157.cir	log_comp_mc_seed2157.log	raw_comp_mc_seed2157.txt
2158	1	1	complete	none	single_attempt	tb_comp_mc_seed2158.cir	log_comp_mc_seed2158.log	raw_comp_mc_seed2158.txt
2159	1	1	complete	none	single_attempt	tb_comp_mc_seed2159.cir	log_comp_mc_seed2159.log	raw_comp_mc_seed2159.txt
2160	1	1	complete	none	single_attempt	tb_comp_mc_seed2160.cir	log_comp_mc_seed2160.log	raw_comp_mc_seed2160.txt
2161	1	1	complete	none	single_attempt	tb_comp_mc_seed2161.cir	log_comp_mc_seed2161.log	raw_comp_mc_seed2161.txt
2162	1	1	complete	none	single_attempt	tb_comp_mc_seed2162.cir	log_comp_mc_seed2162.log	raw_comp_mc_seed2162.txt
2163	1	1	complete	none	single_attempt	tb_comp_mc_seed2163.cir	log_comp_mc_seed2163.log	raw_comp_mc_seed2163.txt
2164	1	1	complete	none	single_attempt	tb_comp_mc_seed2164.cir	log_comp_mc_seed2164.log	raw_comp_mc_seed2164.txt
2165	1	1	complete	none	single_attempt	tb_comp_mc_seed2165.cir	log_comp_mc_seed2165.log	raw_comp_mc_seed2165.txt
2166	1	1	complete	none	single_attempt	tb_comp_mc_seed2166.cir	log_comp_mc_seed2166.log	raw_comp_mc_seed2166.txt
2167	1	1	complete	none	single_attempt	tb_comp_mc_seed2167.cir	log_comp_mc_seed2167.log	raw_comp_mc_seed2167.txt
2168	1	1	complete	none	single_attempt	tb_comp_mc_seed2168.cir	log_comp_mc_seed2168.log	raw_comp_mc_seed2168.txt
2169	1	1	complete	none	single_attempt	tb_comp_mc_seed2169.cir	log_comp_mc_seed2169.log	raw_comp_mc_seed2169.txt
2170	1	1	complete	none	single_attempt	tb_comp_mc_seed2170.cir	log_comp_mc_seed2170.log	raw_comp_mc_seed2170.txt
2171	1	1	complete	none	single_attempt	tb_comp_mc_seed2171.cir	log_comp_mc_seed2171.log	raw_comp_mc_seed2171.txt
2172	1	1	complete	none	single_attempt	tb_comp_mc_seed2172.cir	log_comp_mc_seed2172.log	raw_comp_mc_seed2172.txt
2173	1	1	complete	none	single_attempt	tb_comp_mc_seed2173.cir	log_comp_mc_seed2173.log	raw_comp_mc_seed2173.txt
2174	1	1	complete	none	single_attempt	tb_comp_mc_seed2174.cir	log_comp_mc_seed2174.log	raw_comp_mc_seed2174.txt
2175	1	1	complete	none	single_attempt	tb_comp_mc_seed2175.cir	log_comp_mc_seed2175.log	raw_comp_mc_seed2175.txt
2176	1	1	complete	none	single_attempt	tb_comp_mc_seed2176.cir	log_comp_mc_seed2176.log	raw_comp_mc_seed2176.txt
2177	1	1	complete	none	single_attempt	tb_comp_mc_seed2177.cir	log_comp_mc_seed2177.log	raw_comp_mc_seed2177.txt
2178	1	1	complete	none	single_attempt	tb_comp_mc_seed2178.cir	log_comp_mc_seed2178.log	raw_comp_mc_seed2178.txt
2179	1	1	complete	none	single_attempt	tb_comp_mc_seed2179.cir	log_comp_mc_seed2179.log	raw_comp_mc_seed2179.txt
2180	1	1	complete	none	single_attempt	tb_comp_mc_seed2180.cir	log_comp_mc_seed2180.log	raw_comp_mc_seed2180.txt
2181	1	1	complete	none	single_attempt	tb_comp_mc_seed2181.cir	log_comp_mc_seed2181.log	raw_comp_mc_seed2181.txt
2182	1	1	complete	none	single_attempt	tb_comp_mc_seed2182.cir	log_comp_mc_seed2182.log	raw_comp_mc_seed2182.txt
2183	1	1	complete	none	single_attempt	tb_comp_mc_seed2183.cir	log_comp_mc_seed2183.log	raw_comp_mc_seed2183.txt
2184	1	1	complete	none	single_attempt	tb_comp_mc_seed2184.cir	log_comp_mc_seed2184.log	raw_comp_mc_seed2184.txt
2185	1	1	complete	none	single_attempt	tb_comp_mc_seed2185.cir	log_comp_mc_seed2185.log	raw_comp_mc_seed2185.txt
2186	1	1	complete	none	single_attempt	tb_comp_mc_seed2186.cir	log_comp_mc_seed2186.log	raw_comp_mc_seed2186.txt
2187	1	1	complete	none	single_attempt	tb_comp_mc_seed2187.cir	log_comp_mc_seed2187.log	raw_comp_mc_seed2187.txt
2188	1	1	complete	none	single_attempt	tb_comp_mc_seed2188.cir	log_comp_mc_seed2188.log	raw_comp_mc_seed2188.txt
2189	1	1	complete	none	single_attempt	tb_comp_mc_seed2189.cir	log_comp_mc_seed2189.log	raw_comp_mc_seed2189.txt
2190	1	1	complete	none	single_attempt	tb_comp_mc_seed2190.cir	log_comp_mc_seed2190.log	raw_comp_mc_seed2190.txt
2191	1	1	complete	none	single_attempt	tb_comp_mc_seed2191.cir	log_comp_mc_seed2191.log	raw_comp_mc_seed2191.txt
2192	1	1	complete	none	single_attempt	tb_comp_mc_seed2192.cir	log_comp_mc_seed2192.log	raw_comp_mc_seed2192.txt
2193	1	1	complete	none	single_attempt	tb_comp_mc_seed2193.cir	log_comp_mc_seed2193.log	raw_comp_mc_seed2193.txt
2194	1	1	complete	none	single_attempt	tb_comp_mc_seed2194.cir	log_comp_mc_seed2194.log	raw_comp_mc_seed2194.txt
2195	1	1	complete	none	single_attempt	tb_comp_mc_seed2195.cir	log_comp_mc_seed2195.log	raw_comp_mc_seed2195.txt
2196	1	1	complete	none	single_attempt	tb_comp_mc_seed2196.cir	log_comp_mc_seed2196.log	raw_comp_mc_seed2196.txt
2197	1	1	complete	none	single_attempt	tb_comp_mc_seed2197.cir	log_comp_mc_seed2197.log	raw_comp_mc_seed2197.txt
2198	1	1	complete	none	single_attempt	tb_comp_mc_seed2198.cir	log_comp_mc_seed2198.log	raw_comp_mc_seed2198.txt
2199	1	1	complete	none	single_attempt	tb_comp_mc_seed2199.cir	log_comp_mc_seed2199.log	raw_comp_mc_seed2199.txt
2200	1	1	complete	none	single_attempt	tb_comp_mc_seed2200.cir	log_comp_mc_seed2200.log	raw_comp_mc_seed2200.txt
